Goal	Drop	Early	Corridos
13754	0	246	13999
Wall Time[s]	2265.821357011795
State	Action	Q-value
0	0	-76.923200
0	1	-43270.242205
0	2	-344.788469
0	3	-76.557636
1	0	-43268.978548
1	1	0.000000
1	2	-43286.963383
1	3	-43268.538425
2	0	0.000000
2	1	0.000000
2	2	0.000000
2	3	0.000000
3	0	-118.033779
3	1	-9.611874
3	2	-1257.229102
3	3	0.000000
4	0	-43269.142936
4	1	-9.600019
4	2	-5283.279729
4	3	-9.800120
5	0	-13105.786973
5	1	-9.947856
5	2	-23069.926345
5	3	-9.211500
6	0	-76.786774
6	1	-15.057874
6	2	-8836.639257
6	3	-9.346422
7	0	-43274.215924
7	1	-43286.108280
7	2	-43290.658405
7	3	-7.872168
8	0	0.000000
8	1	-499.832427
8	2	-9.000000
8	3	-43279.730530
9	0	-286.352044
9	1	-2352.745586
9	2	-996.437489
9	3	-533.693158
10	0	-2390.303372
10	1	-5118.956941
10	2	-1893.648190
10	3	-1235.553911
11	0	-18748.935504
11	1	-43238.176447
11	2	-1762.498674
11	3	-1845.017502
12	0	-77.069929
12	1	-43292.743163
12	2	-43291.252182
12	3	-13939.930317
13	0	-43292.659743
13	1	-1347.179696
13	2	-2079.167202
13	3	-43291.933543
14	0	-8.000000
14	1	-1002.528192
14	2	-10.000000
14	3	-43292.048763
15	0	-621.660979
15	1	-1928.792880
15	2	-2227.409793
15	3	-1911.034292
16	0	-2003.089614
16	1	-5214.235592
16	2	-2091.405522
16	3	-1993.610525
17	0	-3235.146697
17	1	-34212.396978
17	2	-1904.562036
17	3	-1960.805294
18	0	-43291.900474
18	1	-2065.620300
18	2	-33630.775145
18	3	-34630.782158
19	0	-2054.373080
19	1	-1933.885023
19	2	-2102.973063
19	3	-9212.430552
20	0	-9.000000
20	1	-2251.836684
20	2	-11.000000
20	3	-2701.879010
21	0	-2255.369679
21	1	-2247.578554
21	2	-2290.006433
21	3	-2240.092620
22	0	-1913.542669
22	1	-2213.450222
22	2	-2138.489212
22	3	-2246.251180
23	0	-2051.752200
23	1	-12237.211388
23	2	-2077.922051
23	3	-2041.715244
24	0	-34916.717773
24	1	-33626.303864
24	2	-2083.499616
24	3	-1781.493397
25	0	-2084.614070
25	1	-2039.617630
25	2	-21169.682609
25	3	-33625.266586
26	0	-10.000000
26	1	-2090.277885
26	2	-12.000000
26	3	-2093.198438
27	0	-2192.939295
27	1	-2032.179717
27	2	-20979.147269
27	3	-2034.833478
28	0	-2174.186352
28	1	-2117.791302
28	2	-21004.578171
28	3	-1939.784810
29	0	-1820.278995
29	1	-4414.073196
29	2	-2675.451016
29	3	-2135.188936
30	0	-4354.052725
30	1	-21170.034738
30	2	-21162.453803
30	3	-2044.172724
31	0	-21176.634164
31	1	-21162.361303
31	2	-16750.859945
31	3	-21162.318065
32	0	-11.000000
32	1	-21015.655108
32	2	-21162.317015
32	3	-21182.784712
33	0	-20995.458228
33	1	-20999.681258
33	2	-16750.826408
33	3	-21162.441742
34	0	-2134.423523
34	1	-2949.515418
34	2	-21107.359293
34	3	-21009.011268
35	0	-1752.728598
35	1	-21162.628544
35	2	-21162.525938
35	3	-2054.890614
36	0	-21162.994392
36	1	-16750.918125
36	2	-16750.654319
36	3	-21162.700214
Return	TimeSteps
-450	367
-197	215
-827	698
-569	593
-239	263
-79	78
-426	421
-659	683
-90	107
-54	78
-955	979
-1001	1001
-1001	1001
-542	566
-584	608
-1001	1001
-1001	1001
-580	604
-100	117
-39	63
-1001	1001
-1001	1001
-1001	1001
-799	823
-1001	1001
-846	870
-393	410
-266	290
-846	870
-1001	1001
-9	9
-1001	1001
-1001	1001
-1001	1001
-1001	1001
-1001	1001
-1001	1001
-1001	1001
-1001	1001
-1001	1001
-1001	1001
-1001	1001
-39	50
-916	940
-723	747
-805	829
10	13
-1001	1001
-261	285
-174	198
-1001	1001
-8	8
-481	503
-930	947
-757	775
-572	583
-77	101
-1001	1001
-173	196
-494	518
-70	86
-698	722
-1001	1001
-542	566
-275	299
-115	139
-1001	1001
-1001	1001
-1001	1001
-1001	1001
-1001	1001
-71	71
-520	543
-613	624
-135	153
-629	647
-376	394
-715	726
-1001	1001
-125	143
-1001	1001
-1001	1001
-1001	1001
-783	801
-1001	1001
-418	429
-30	24
-822	846
-456	473
-660	684
-488	512
-39	63
-500	524
-107	131
-1001	1001
-183	207
-570	594
-629	653
-275	299
-895	912
-804	828
-1001	1001
-333	357
-673	697
-582	599
-352	376
-100	124
-84	101
-1001	1001
-1001	1001
-1001	1001
-1001	1001
-1001	1001
-347	371
-1001	1001
-1001	1001
-53	70
-320	337
-1001	1001
-137	154
-754	771
-891	915
-1001	1001
-101	101
-1001	1001
-683	694
-11	11
-700	724
-434	458
-372	389
-1001	1001
-1001	1001
-1001	1001
-732	756
-1001	1001
-206	230
-1001	1001
-1001	1001
-1001	1001
-1001	1001
-716	740
-296	307
-1001	1001
-1001	1001
-1001	1001
-1001	1001
-221	245
-158	168
-1001	1001
-1001	1001
-153	170
-1001	1001
-19	19
-396	415
-1001	1001
-1001	1001
-369	393
-707	731
-1001	1001
-674	698
-1001	1001
-112	136
-920	944
-1001	1001
-1001	1001
-208	218
-510	534
-1001	1001
-65	65
-470	492
-37	48
-388	399
-36	47
-530	554
-934	952
-157	181
-1001	1001
-52	63
-243	261
-1001	1001
-158	152
-646	663
-174	198
-650	674
-129	153
-1001	1001
-539	563
-288	312
-22	46
-1001	1001
-1001	1001
-471	495
-297	321
-361	385
-12	12
-782	774
-71	58
-25	12
-21	8
-80	60
-70	81
-23	10
-16	10
-224	241
7	10
7	10
8	9
8	9
8	9
8	9
8	9
8	9
8	9
7	10
-1	11
14	10
8	9
6	11
7	10
8	9
7	10
-8	8
-406	402
-325	348
-162	156
-16	10
-14	8
-14	8
-14	8
-21	8
-14	8
-14	8
-14	8
-14	8
-21	8
-14	8
-14	8
-21	8
-14	8
-16	10
-16	10
-14	8
-21	8
-14	8
-21	8
-14	8
-37	10
-14	8
-14	8
-16	10
-21	8
-14	8
-14	8
-87	74
-173	167
-158	176
-89	69
-28	22
-53	36
-14	8
-14	8
-14	8
-14	8
-14	8
-14	8
-14	8
-21	8
-115	107
-27	14
-14	8
-14	8
-14	8
-14	8
-14	8
-14	8
-14	8
-14	8
-14	8
-14	8
-14	8
-14	8
-14	8
-18	12
-16	10
-18	12
-14	8
8	10
-14	8
-27	14
-14	8
-14	8
-18	12
-14	8
-14	8
-14	8
-14	8
-14	8
-23	10
-16	10
-14	8
-14	8
-14	8
-14	8
-16	10
-16	10
-14	8
-14	8
-14	8
-14	8
-14	8
-14	8
-14	8
-14	8
-14	8
-14	8
-16	10
-14	8
-14	8
-14	8
-14	8
-14	8
-14	8
-14	8
-43	37
-14	8
-14	8
-14	8
-14	8
-70	64
-14	8
-14	8
-16	10
-75	69
-14	8
-14	8
-14	8
-14	8
-14	8
-16	10
-14	8
-23	10
-14	8
-14	8
-18	12
-1	12
-14	8
-16	10
-14	8
-14	8
-14	8
-22	16
-14	8
-16	10
-14	8
-16	10
-14	8
-24	18
-14	8
-14	8
-14	8
-14	8
-14	8
-76	70
-14	8
-14	8
-14	8
-14	8
-14	8
-14	8
-14	8
-14	8
-14	8
-14	8
-14	8
-14	8
-14	8
-14	8
-14	8
-14	8
-14	8
-14	8
-14	8
-30	10
-16	10
-16	10
-14	8
-38	32
-14	8
-14	8
-14	8
-14	8
-14	8
-14	8
-21	15
-14	8
-14	8
-14	8
-14	8
-16	10
-14	8
-14	8
-27	21
-35	22
-44	38
-41	59
-24	18
-18	12
-16	10
-16	10
-16	10
-14	8
-14	8
-14	8
-14	8
-14	8
-14	8
8	10
-16	10
-56	36
-44	38
-19	13
-18	12
-14	8
-21	8
-21	8
-25	12
-20	14
-54	48
-27	14
-21	8
-25	12
-32	12
-55	42
-30	24
-18	12
-32	26
-58	52
-34	28
-14	8
-21	39
-16	10
-22	16
-14	8
-14	8
-36	36
-14	8
-14	8
-14	8
-16	10
-16	10
-14	8
-21	8
-14	8
-103	48
-18	12
-46	40
-66	60
-20	14
-18	36
-25	12
-21	8
-29	16
-14	8
-24	18
-16	10
-30	24
-48	42
-14	8
-24	18
-32	26
-66	60
-24	18
-26	20
-21	8
-96	83
-21	8
-14	8
-14	8
-48	35
-14	8
-21	8
-24	18
-60	54
-18	12
-32	26
-30	24
-77	64
-14	8
-14	8
-27	45
-21	8
-14	8
-14	8
-16	10
-14	8
-14	8
-14	8
-16	10
-14	8
-14	8
-14	8
-18	12
-14	8
-14	8
-14	8
-14	8
-16	10
-14	8
-14	8
-14	8
-14	8
-14	8
-14	8
-14	8
-14	8
-14	8
-14	8
-14	8
-14	8
-20	38
-14	8
-14	8
-14	8
-60	54
8	10
-14	8
-14	8
-28	22
-14	8
-14	8
-20	14
-20	14
-32	12
-14	8
0	18
-60	71
-14	8
-16	10
-14	8
-23	10
-35	22
-14	8
-28	22
-14	8
-14	8
-21	8
-16	10
-14	8
-16	10
-14	8
-14	8
-14	8
-14	8
6	12
-14	8
-14	8
-18	12
-16	10
-16	10
-14	8
-30	10
-14	8
-14	8
-14	8
-14	8
-14	8
-14	8
-14	8
-22	16
-16	10
-22	16
-18	12
-117	111
-24	18
-14	8
-14	8
-14	8
-14	8
-14	8
-14	8
-14	8
-16	10
-14	8
-14	8
-14	8
-14	8
-18	12
-14	8
-103	121
-16	10
-14	8
-14	8
-14	8
-14	8
-14	8
6	12
-14	8
-16	10
-14	8
-14	8
-14	8
-30	10
-14	8
-16	10
-87	67
-238	232
-534	507
-50	44
-14	8
-14	8
-14	8
-14	8
-14	8
-14	8
-14	8
-14	8
-16	10
-14	8
-14	8
-14	8
-14	8
-14	8
-14	8
-14	8
-19	13
-14	8
-14	8
-14	8
-14	8
-14	8
-14	8
-14	8
-21	8
-14	8
-29	40
-14	8
-14	8
-14	8
-14	8
-16	10
-14	8
-14	8
-14	8
-14	8
-14	8
-18	12
-14	8
-16	10
-14	8
-14	8
-30	10
-14	8
-14	8
-14	8
-14	8
-16	10
-14	8
-14	8
-14	8
-14	8
-16	10
-14	8
-14	8
-14	8
-16	10
-14	8
-14	8
-16	10
-14	8
-16	10
-16	10
-16	10
-16	10
-14	8
-14	8
-14	8
-14	8
-14	8
-14	8
-14	8
-14	8
-14	8
-14	8
-14	8
-16	10
-11	11
-14	8
-16	10
-14	8
-14	8
-14	8
-14	8
-18	12
-14	8
-16	10
-14	8
-14	8
-14	8
-14	8
-14	8
-14	8
-14	8
-14	8
-14	8
-23	10
-14	8
-91	85
-14	8
-14	8
-14	8
-14	8
6	12
-14	8
-15	15
-14	8
-14	8
-14	8
-14	8
-14	8
-14	8
-16	10
-16	10
0	18
-14	8
-14	8
-14	8
-25	12
-32	12
-37	31
-37	37
-596	618
-30	24
-28	22
-31	31
-14	8
-21	8
-14	8
-21	8
-14	8
-14	8
-21	8
-14	8
-14	8
-14	8
-14	8
-14	8
-14	8
-14	8
-14	8
-21	8
-21	8
-21	8
-18	12
-84	78
-28	46
-13	31
-36	30
-66	60
-26	20
-57	75
-14	8
-14	8
-14	8
-14	8
-14	8
-14	8
-16	10
-72	66
-14	8
-14	8
-53	40
-18	12
-22	16
-14	8
-14	8
-14	8
-14	8
-14	8
-14	8
-14	8
-14	8
-14	8
-14	8
-14	8
-14	8
-14	8
-16	10
-14	8
-14	8
-14	8
-14	8
-14	8
-14	8
8	10
-14	8
-14	8
-14	8
-16	10
-14	8
-14	8
-14	8
-14	8
-14	8
-14	8
-14	8
-14	8
-14	8
-14	8
-14	8
-14	8
-14	8
-14	8
-14	8
-14	8
-14	8
-14	8
-16	10
4	14
-14	8
-14	8
-14	8
-14	8
-14	8
-16	10
-14	8
-14	8
-14	8
-14	8
-14	8
-72	66
-170	164
-36	30
-95	82
-21	8
-32	12
-14	8
-14	8
-14	8
-14	8
-16	10
-14	8
-14	8
-14	8
-14	8
-14	8
8	10
-14	8
-44	38
-14	8
-14	8
-14	8
-22	16
-14	8
-23	10
-16	10
-14	8
-18	12
-14	8
-14	8
-14	8
-14	8
-14	8
-14	8
-14	8
-14	8
-37	24
-16	10
-14	8
-14	8
-14	8
-14	8
-14	8
-14	8
-14	8
-14	8
-16	10
-14	8
4	14
-14	8
-14	8
-14	8
-69	63
-14	8
-174	168
-20	14
-14	8
-28	22
-18	12
-14	8
-26	20
-14	8
-14	8
-14	8
-14	8
-14	8
-14	8
-14	8
-14	8
-14	8
-14	8
-14	8
-14	8
-14	8
-14	8
-14	8
-14	8
-14	8
-14	8
-14	8
-16	10
-14	8
-14	8
-14	8
-18	12
-16	10
-45	63
-14	8
-16	10
-14	8
-14	8
-30	10
-14	8
-18	12
-18	12
-34	28
-64	44
-14	8
-14	8
-30	24
-14	8
-14	8
-14	8
-14	8
-14	8
-14	8
-50	68
-14	8
-14	8
-23	10
-18	12
-22	16
-14	8
-14	8
-14	8
-16	10
-14	8
-14	8
-14	8
-14	8
6	12
-16	10
-14	8
-16	10
-16	10
-28	22
-18	12
-16	10
-42	36
-16	10
-14	8
-28	22
-14	8
-14	8
-16	10
-14	8
-14	8
-14	8
-14	8
-14	8
6	12
-14	8
-14	8
-14	8
-14	8
-14	8
-27	38
-14	8
-14	8
-14	8
-16	10
-14	8
-14	8
-16	10
-14	8
2	9
-14	8
-14	8
-16	10
-14	8
5	13
-14	8
-16	10
-14	8
-34	14
-14	8
-14	8
-14	8
-14	8
-14	8
-26	20
-14	8
-14	8
-32	26
-20	14
-14	8
-14	8
-50	44
-14	8
-42	36
-16	10
-30	24
-14	8
-18	12
-14	8
-28	22
-38	32
-32	26
-47	34
-22	16
-76	70
-37	31
-14	8
-14	8
-14	8
-14	8
-14	8
-14	8
6	12
-14	8
-16	10
-14	8
-14	8
-14	8
-14	8
-14	8
-14	8
-14	8
-14	8
-28	22
-14	8
-14	8
-14	8
-14	8
-14	8
-30	10
-14	8
-14	8
-54	48
-16	10
-16	10
-14	8
-18	12
-14	8
-14	8
-14	8
-14	8
-14	8
-14	8
-14	8
-14	8
-14	8
-14	8
-14	8
-14	8
-14	8
-14	8
-14	8
-14	8
-16	10
-20	14
-38	32
-30	24
-42	36
-16	10
-14	8
-14	8
-14	8
-23	10
-14	8
-14	8
-14	8
-14	8
-14	8
-14	8
-14	8
-14	8
-20	14
-14	8
8	10
-33	20
-20	14
-52	46
-81	61
-14	8
-14	8
-23	10
-14	8
-16	10
-14	8
-14	8
-18	12
-14	8
-14	8
-14	8
-14	8
8	10
-16	10
-16	10
-14	8
-38	32
-16	10
-56	50
-16	10
-24	18
-35	22
-18	12
-14	8
-18	12
-20	14
-16	10
-28	22
-18	12
-14	8
-29	16
-14	8
-14	8
-14	8
-14	8
-14	8
-14	8
-14	8
-44	38
-14	8
-14	8
-35	22
-16	10
-14	8
-14	8
-14	8
-14	8
-14	8
-14	8
-14	8
-14	8
-21	8
-14	8
-14	8
-14	8
-14	8
-14	8
-16	10
-14	8
-14	8
-14	8
-14	8
-18	12
-56	50
-14	8
-14	8
-44	38
-20	14
-14	8
-22	16
-14	8
-14	8
-24	18
-14	8
-14	8
-14	8
-14	8
-18	12
-14	8
-16	10
-14	8
-14	32
-14	8
-14	8
-18	12
-20	14
-30	24
-14	8
-14	8
-244	238
-41	28
-38	32
-84	78
-14	8
-14	8
-14	8
-14	8
-16	10
-14	8
-14	8
-36	30
-14	8
-14	8
-14	8
-16	10
-14	8
-14	8
-14	8
-14	8
-14	8
-21	8
-14	8
-14	8
-25	12
-21	8
-16	10
-16	10
-14	8
-14	8
-14	8
-14	8
-14	8
-14	8
-16	10
-12	11
-8	8
-9	9
-8	8
-8	8
-8	8
-8	8
-10	10
-16	10
-74	74
-9	9
-10	10
-10	10
-8	8
-8	8
-8	8
-9	9
-10	10
-8	8
-8	8
-8	8
-8	8
-11	11
-8	8
-8	8
-8	8
-8	8
-8	8
-9	9
-9	9
-8	8
-9	9
-8	8
-8	8
-8	8
-8	8
-8	8
-8	8
-8	8
-8	8
-8	8
-8	8
-8	8
-10	10
-11	10
-11	10
-16	9
-9	9
-9	9
-8	8
-8	8
-8	8
-8	8
-9	9
-8	8
-8	8
-8	8
-8	8
-8	8
-8	8
-10	10
-14	12
-8	8
-8	8
-9	9
-8	8
-8	8
-8	8
-8	8
-8	8
-8	8
-10	10
-10	10
-11	10
-8	8
-17	10
-8	8
-8	8
-8	8
-10	10
-8	8
-9	9
-8	8
-14	12
-8	8
-8	8
-9	9
-8	8
-8	8
-9	9
-8	8
-8	8
-8	8
-8	8
-10	10
-10	10
-8	8
-8	8
-8	8
-8	8
-8	8
-8	8
-13	13
-16	9
-8	8
-8	8
-8	8
-10	10
-8	8
-8	8
12	12
-10	10
-9	9
-8	8
-8	8
14	10
-8	8
-8	8
-8	8
-8	8
-8	8
-8	8
-11	11
-13	13
-19	19
-8	8
-8	8
-8	8
-8	8
-10	10
-8	8
-9	9
-8	8
-9	9
-8	8
-8	8
-10	10
-10	10
-8	8
-8	8
-9	9
-8	8
-8	8
-8	8
-8	8
-16	9
-8	8
-8	8
-9	9
-8	8
-8	8
-8	8
-9	9
-8	8
-8	8
-8	8
-8	8
-8	8
-11	10
-8	8
-9	9
-10	10
-9	9
-8	8
-8	8
-8	8
-8	8
-8	8
-12	12
-8	8
-11	10
-8	8
-8	8
-8	8
14	10
-8	8
-8	8
-8	8
-9	9
-16	14
-25	11
-10	10
-8	8
-9	9
-8	8
-8	8
-8	8
-8	8
-8	8
-12	12
-14	13
-10	10
-8	8
-8	8
-8	8
-8	8
-10	10
-8	8
-10	10
-11	11
-8	8
-8	8
-10	10
14	10
-10	10
-10	10
-10	10
-8	8
-8	8
-8	8
-8	8
-8	8
-10	10
-10	10
-8	8
-8	8
-8	8
-8	8
-8	8
-8	8
-8	8
-13	12
-8	8
-8	8
-8	8
-8	8
-8	8
-8	8
-8	8
-8	8
-8	8
-9	9
-8	8
-8	8
-8	8
-8	8
-8	8
-8	8
-8	8
-8	8
-10	10
-8	8
-8	8
-8	8
-9	9
-8	8
-8	8
-8	8
-8	8
-8	8
-9	9
-8	8
-9	9
-8	8
-9	9
-8	8
-8	8
-8	8
-8	8
-8	8
-8	8
-8	8
-8	8
-9	9
-9	9
-8	8
-8	8
-8	8
-8	8
-9	9
-8	8
-8	8
-8	8
-8	8
-8	8
-8	8
-8	8
-8	8
-8	8
-8	8
-8	8
-8	8
-12	12
-10	10
-8	8
-12	12
-8	8
-10	10
-9	9
-8	8
-8	8
-8	8
-11	10
-10	10
-8	8
-8	8
-8	8
-10	10
-8	8
-9	9
-8	8
-8	8
-9	9
-8	8
-8	8
-9	9
-8	8
-9	9
-8	8
-9	9
-8	8
-8	8
-8	8
-8	8
-8	8
-8	8
-8	8
-12	11
-8	8
-8	8
-8	8
-8	8
-8	8
-9	9
-8	8
-16	9
-8	8
-8	8
-8	8
-9	9
-8	8
-8	8
-8	8
-9	9
-8	8
-8	8
-8	8
-9	9
-9	9
-14	12
-8	8
-8	8
-8	8
-11	10
-8	8
-8	8
-9	9
-8	8
-10	10
-11	10
-10	10
-9	9
-9	9
-8	8
-8	8
-8	8
-8	8
-8	8
-11	11
-9	9
-8	8
-8	8
-9	9
-8	8
-8	8
-8	8
-10	10
-8	8
-8	8
-8	8
-8	8
-8	8
-9	9
-9	9
-8	8
-8	8
-9	9
-8	8
-9	9
-8	8
-9	9
-17	14
-8	8
-9	9
-11	10
-8	8
-8	8
-8	8
-8	8
-8	8
-13	12
-8	8
-11	11
-8	8
-8	8
-8	8
-8	8
-8	8
-8	8
-8	8
-8	8
-8	8
-8	8
-8	8
-8	8
-8	8
-8	8
-8	8
-8	8
-8	8
-16	9
-8	8
-8	8
-11	11
-9	9
-8	8
-8	8
-11	10
-8	8
-8	8
-8	8
-8	8
-9	9
-10	10
-8	8
-8	8
-8	8
-10	10
-8	8
-8	8
-10	10
-9	9
-8	8
-9	9
-8	8
-9	9
-8	8
-11	11
-8	8
-8	8
-8	8
-8	8
-8	8
-8	8
-8	8
-8	8
-8	8
-14	12
-10	10
-10	10
-8	8
-10	10
-8	8
-8	8
-8	8
-8	8
-10	10
-8	8
-16	9
-8	8
-8	8
-8	8
-10	10
-10	10
-8	8
-8	8
-8	8
-8	8
-8	8
-8	8
-8	8
-10	10
-8	8
-10	10
-8	8
-11	10
-9	9
-8	8
-11	11
-8	8
-8	8
-8	8
-8	8
-9	9
-9	9
-8	8
-8	8
-8	8
-8	8
-8	8
-8	8
-9	9
-8	8
-8	8
-8	8
-8	8
-8	8
-8	8
-8	8
-8	8
-8	8
-8	8
-8	8
-8	8
-8	8
-8	8
-8	8
-8	8
-8	8
-8	8
-8	8
-11	11
-8	8
14	10
-8	8
-8	8
-18	11
-11	10
-8	8
-8	8
-13	13
-17	17
-19	19
-8	8
-9	9
-8	8
-8	8
-9	9
-10	10
-8	8
-8	8
-8	8
-9	9
-8	8
-8	8
-8	8
-8	8
-16	9
-8	8
-9	9
-8	8
-8	8
-8	8
-8	8
-8	8
-17	14
-9	9
-8	8
-9	9
-8	8
-11	10
-11	10
-8	8
-8	8
-11	11
-8	8
-8	8
-8	8
-10	10
-9	9
-8	8
-8	8
-9	9
-8	8
-8	8
-8	8
-10	10
-8	8
-8	8
-8	8
-8	8
-8	8
-8	8
-8	8
-9	9
-8	8
-9	9
-9	9
-10	10
-8	8
-10	10
-9	9
-10	10
-10	10
-8	8
-8	8
-10	10
-8	8
-8	8
-18	16
-8	8
-8	8
-8	8
-8	8
-10	10
-8	8
-9	9
-10	10
-8	8
-25	11
-9	9
-8	8
-8	8
-9	9
-9	9
-8	8
-8	8
-9	9
-8	8
-8	8
-8	8
-8	8
-8	8
-8	8
-8	8
-8	8
-9	9
-8	8
-8	8
-8	8
-8	8
-8	8
-8	8
-8	8
-9	9
-8	8
-8	8
-8	8
-8	8
-8	8
-9	9
-8	8
-8	8
-8	8
-8	8
-8	8
-8	8
-8	8
-8	8
-8	8
-8	8
-8	8
-8	8
-8	8
-8	8
-8	8
-8	8
-16	9
-11	10
-8	8
-8	8
-8	8
-10	10
-8	8
-12	12
-8	8
-8	8
-8	8
-10	10
-8	8
-8	8
-8	8
-8	8
-8	8
-8	8
-8	8
-8	8
-8	8
-11	11
14	10
-8	8
-8	8
-10	10
-8	8
-8	8
-8	8
-8	8
-8	8
-10	10
-8	8
-10	10
-8	8
-8	8
-8	8
-11	10
-8	8
-9	9
-8	8
-8	8
-8	8
-8	8
-11	11
-8	8
-8	8
-8	8
-9	9
-8	8
-8	8
-9	9
-8	8
-9	9
-8	8
-8	8
-8	8
-10	10
-8	8
-8	8
-8	8
-10	10
-8	8
-8	8
-8	8
-8	8
-9	9
-8	8
-9	9
-8	8
-8	8
-8	8
-8	8
-8	8
-8	8
-8	8
-11	10
-8	8
-8	8
-8	8
-8	8
-8	8
13	11
-8	8
-8	8
13	11
-8	8
-8	8
-13	12
-8	8
-8	8
-8	8
-18	16
-37	35
-8	8
-10	10
13	11
-13	13
-8	8
-8	8
-8	8
-54	53
-21	21
-9	9
-9	9
-15	15
-9	9
-13	13
-9	9
-15	15
-94	94
-84	84
-207	225
-39	33
-43	37
-16	10
-14	8
-14	8
-42	36
-14	8
-12	12
-14	14
-14	14
-14	8
-28	14
-14	8
-14	8
-14	8
-14	8
-14	8
-14	8
-14	8
-16	10
-8	8
-8	8
-14	8
-8	8
-8	8
-8	8
-8	8
-14	12
-8	8
-8	8
-8	8
-8	8
-8	8
-8	8
-8	8
-8	8
-8	8
-8	8
-14	12
-8	8
-11	11
-8	8
-8	8
-8	8
-8	8
-8	8
-8	8
-8	8
-9	9
-8	8
-16	9
-8	8
-8	8
-8	8
-8	8
-9	9
12	12
-8	8
-8	8
-8	8
-8	8
-11	11
-8	8
-8	8
-8	8
-8	8
-10	10
-11	11
-8	8
-8	8
-8	8
-8	8
-8	8
-8	8
-8	8
-10	10
-8	8
-8	8
-9	9
-9	9
-9	9
-8	8
-8	8
-8	8
-8	8
-8	8
-8	8
-8	8
-8	8
-10	10
-8	8
-8	8
-8	8
-8	8
-14	8
-8	8
-8	8
-8	8
-8	8
-8	8
-8	8
-9	9
-8	8
-10	10
-8	8
-9	9
-8	8
-8	8
-8	8
-8	8
-8	8
-8	8
-8	8
-8	8
-8	8
-8	8
-8	8
-8	8
-8	8
-8	8
-8	8
-8	8
-10	10
-8	8
-8	8
-9	9
-8	8
-8	8
-10	10
-8	8
-8	8
-8	8
-8	8
-8	8
-10	10
-8	8
7	10
-8	8
-8	8
-8	8
-9	9
-10	10
-8	8
-8	8
-16	16
-13	30
-8	8
-8	8
-8	8
13	11
-9	9
-8	8
-8	8
-8	8
-49	44
-18	18
-9	9
-30	23
-400	400
-1008	1001
-402	412
-1001	1001
-1008	1001
-1015	1001
-1001	1001
-287	304
-1001	1001
-1001	1001
-543	561
-14	8
-30	10
-14	8
-14	8
-49	67
-14	8
-14	8
-14	8
-14	8
-14	8
-14	8
-14	8
8	10
-14	8
-14	8
-18	12
-48	66
-21	8
-21	8
-21	8
-14	8
-153	171
-23	10
-14	8
-14	8
-14	8
8	10
-14	8
-21	8
-23	10
-14	8
-14	8
-14	8
-14	8
8	10
-14	8
-14	8
-14	8
-14	8
-14	8
-14	8
-14	8
-14	8
-14	8
-14	8
-14	8
-14	8
-14	8
-14	8
-14	8
-14	8
-16	10
-14	8
-14	8
-12	12
-14	8
-14	8
-14	8
-14	8
-14	8
-18	12
-14	8
-14	8
-14	8
-14	8
-14	8
-14	8
-14	8
-14	8
-14	8
-14	8
-16	10
-14	8
-14	8
-13	13
-12	12
-14	8
-14	8
-14	8
-16	10
-14	8
-14	8
-16	10
-14	8
-14	8
-16	10
-14	8
-14	8
-14	8
-16	10
-14	8
-16	10
-14	8
-14	8
-20	14
-14	8
-14	8
-14	8
-14	8
-14	8
-14	8
-14	8
-14	8
-14	8
-14	8
-14	8
-14	8
-14	8
-14	8
-16	10
-14	8
-14	8
-14	8
-14	8
-14	8
-14	8
-14	8
-14	8
-16	10
-14	8
-14	8
-16	10
-14	8
-14	8
-16	10
-14	8
-27	13
-12	12
-14	8
-14	8
-14	8
-23	10
-14	8
-14	8
-14	8
-14	8
-16	10
-14	8
-14	8
-16	10
-18	12
-14	8
-35	29
-14	8
-14	8
-14	8
-14	8
-14	8
-16	10
-14	8
-14	8
-14	8
-14	8
-16	10
-14	8
-16	10
-14	8
-14	8
-14	8
-14	8
-14	8
-16	10
-14	8
-14	8
-14	8
-14	8
-14	8
-14	8
-14	8
-14	8
-14	8
-14	8
-14	8
-66	76
-14	8
-14	8
-14	8
-14	8
-14	8
-14	8
-12	12
-245	236
-289	288
-251	230
-1015	1001
-30	24
-1008	1001
-419	416
-1008	1001
-1008	1001
-1001	1001
-1008	1001
-241	265
-719	736
-1001	1001
-1001	1001
-525	542
-1001	1001
-81	91
-1008	1001
-1001	1001
-1001	1001
-873	890
-1008	1001
-1008	1001
-504	521
-1008	1001
-1001	1001
-1009	1001
-1015	1001
-1001	1001
-1001	1001
-1008	1001
-1001	1001
-640	657
-1008	1001
-677	680
-1015	1001
-1001	1001
-1029	1001
-1001	1001
-1008	1001
-1008	1001
-1001	1001
-456	474
-1001	1001
-714	724
-1001	1001
-1008	1001
-1008	1001
-1001	1001
-1001	1001
-1001	1001
-1001	1001
-1001	1001
-1008	1001
-1008	1001
-1001	1001
-1008	1001
-946	963
-1001	1001
-1008	1001
-1001	1001
-1001	1001
-1022	1001
-1008	1001
-1001	1001
-1001	1001
-1001	1001
-1001	1001
-1001	1001
-1015	1001
-1015	1001
-1008	1001
-1001	1001
-1001	1001
-1001	1001
-1015	1001
-1001	1001
-654	665
-1008	1001
-1001	1001
-1008	1001
-1008	1001
-1001	1001
-1008	1001
-1001	1001
-1001	1001
-1001	1001
-1001	1001
-1008	1001
-1008	1001
-1001	1001
-1015	1001
-1008	1001
-1008	1001
-1008	1001
-1008	1001
-1001	1001
-1001	1001
-1001	1001
-848	859
-49	60
-1008	1001
-1008	1001
-1008	1001
-1001	1001
-1008	1001
-1008	1001
-1001	1001
-1008	1001
-103	121
-1001	1001
-1001	1001
-1001	1001
-1001	1001
-1001	1001
-1008	1001
-1001	1001
-1001	1001
-1001	1001
-1008	1001
-1008	1001
-1001	1001
-1001	1001
-1001	1001
-1001	1001
-1001	1001
-1008	1001
-1001	1001
-1008	1001
-1001	1001
-1001	1001
-1008	1001
-1008	1001
-1001	1001
-407	425
-1001	1001
-1001	1001
-1001	1001
-1001	1001
-1001	1001
-1008	1001
-1008	1001
-570	581
-1015	1001
-1001	1001
-717	721
-101	119
-1008	1001
-1001	1001
-1001	1001
-1001	1001
-809	813
-1008	1001
-1001	1001
-1001	1001
-1008	1001
-1001	1001
-1001	1001
-1008	1001
-1008	1001
-1001	1001
-69	80
-1015	1001
-1015	1001
-1008	1001
-1001	1001
-1008	1001
-1001	1001
-1008	1001
-1001	1001
-1001	1001
-339	343
-1001	1001
-1001	1001
-1001	1001
-1001	1001
-1001	1001
-1015	1001
-1015	1001
-511	515
-1001	1001
-1015	1001
-1015	1001
-1008	1001
-1001	1001
-1008	1001
-1008	1001
-1001	1001
-1001	1001
-1001	1001
-265	269
-1015	1001
-1001	1001
-1008	1001
-638	649
-386	404
-43	37
-136	60
-21	8
-52	32
-21	8
-4	22
-16	10
-28	22
-16	10
-15	15
-14	8
-14	8
8	10
-14	8
-14	8
-14	8
-14	8
-14	8
-14	8
-44	62
-17	11
-3	21
-14	8
-14	8
-14	8
-14	8
-69	56
-72	38
-42	36
-62	56
-78	72
-14	8
-28	22
-14	8
-14	8
-14	8
-14	8
-16	10
-14	8
-14	8
-14	8
-14	8
-14	8
-14	8
-14	8
-16	10
-14	8
-14	8
-14	8
-14	8
-23	10
-14	8
-14	8
-24	24
-14	8
-14	8
-23	10
-14	8
-14	8
-14	8
-16	16
-14	8
-14	8
-16	10
-11	11
-14	8
-14	8
-21	14
-14	8
-16	10
-14	8
-14	8
-14	8
-16	10
-14	8
-14	8
-14	8
-14	8
-14	8
-14	8
-14	8
-16	10
-14	8
-14	8
-14	8
-14	8
-16	10
-14	8
8	10
-14	8
-14	8
-14	8
-14	8
-14	8
-14	8
-16	10
-14	8
-14	8
-14	8
-14	8
-33	26
-14	8
-14	8
-14	8
-14	8
-16	10
-41	59
-14	8
-14	8
-14	8
-22	16
-14	8
-14	8
-14	8
-16	10
-14	8
-14	8
-16	10
-14	8
-14	8
-14	8
-14	8
-14	8
-14	8
-14	8
-14	8
-14	8
-14	8
-14	8
-14	8
-14	8
-14	8
-32	12
-14	8
-2	20
-14	8
-16	10
-14	8
-14	8
-14	8
-14	8
-16	10
-14	8
-30	10
-14	8
-14	8
-14	8
-14	8
-14	8
-16	10
-16	10
-14	8
-14	8
-14	8
-14	8
-14	8
-13	13
-14	8
-14	8
-6	17
-14	8
-14	8
-14	8
-14	8
-14	8
-14	8
-14	8
-16	10
-14	8
-16	10
-14	8
-14	8
-14	8
-14	8
-14	8
6	12
-14	8
-14	8
-14	8
-11	29
-16	10
-14	8
-14	8
-14	8
-14	8
-14	8
-30	10
-16	10
-23	10
-14	8
-20	13
-69	63
-14	8
-28	22
-16	10
-55	42
-140	158
-21	8
-30	10
-16	10
-21	8
-21	8
-21	8
-21	8
-21	8
-21	8
-14	8
-21	8
-16	10
-14	8
-14	8
-14	8
-55	49
-14	8
-14	8
-14	8
-14	8
-16	10
-14	8
-14	8
-14	8
-14	8
-14	8
-14	8
-14	8
-14	8
-14	8
-14	8
-14	8
-14	8
-14	8
-14	8
-14	8
-29	22
-14	8
-14	8
-14	8
-14	8
-14	8
-14	8
-17	17
-14	8
-16	10
-14	8
-14	8
-14	8
-14	8
-16	10
-18	12
-14	8
-14	8
-14	8
-14	8
-14	8
-23	10
-20	38
-16	10
-14	8
-14	8
-14	8
-14	8
-14	8
-14	8
-14	8
-14	8
-14	8
-14	8
-14	8
-14	8
-14	8
-14	8
-14	8
-111	105
-14	8
-14	8
-14	8
-14	8
-14	8
-14	8
-14	8
-14	8
-14	8
-14	8
-14	8
-14	8
-20	20
-14	8
-14	8
-14	8
-14	8
-14	8
-14	8
-25	19
-14	8
-16	10
-14	8
-14	8
-14	8
-14	8
-14	8
-14	8
-14	8
-14	8
-14	8
-14	8
-12	12
-14	8
-14	8
-14	8
-14	8
-14	8
-14	8
-20	13
-14	8
-77	95
-16	10
-14	8
-14	8
-14	14
-14	8
-14	8
-14	8
-24	11
-14	8
-18	12
-12	12
-14	8
-14	8
-16	10
-14	8
-14	8
-23	10
-14	8
-14	8
-14	8
-14	8
-14	8
-14	8
-14	8
-14	8
-14	8
-14	8
-14	8
-30	10
-14	8
-14	8
-14	8
-14	8
-14	8
-16	10
-14	8
-12	12
-14	8
-16	10
-14	8
-20	13
-14	8
-14	8
-14	8
-14	8
-50	68
-14	8
-14	8
-14	8
-14	8
-14	8
-14	8
-14	8
-14	8
-87	74
-127	114
-41	14
-22	16
-14	8
-14	8
-14	8
-14	8
-16	10
-14	8
-14	8
-14	8
-14	8
-14	8
-30	10
-14	8
-14	8
-16	10
-14	8
-14	8
-14	8
-14	8
-20	14
-14	8
-14	8
-14	8
-14	8
-14	8
-14	8
-14	8
-14	8
-14	8
-14	8
-14	8
-14	8
-18	12
-14	8
-16	10
-23	10
-14	8
-14	8
-16	10
-14	8
-14	8
-14	8
-14	8
-14	8
-16	10
-19	19
-16	10
-14	8
-14	8
-14	8
-22	15
-14	8
-14	8
-14	8
-14	8
-14	8
-14	8
-14	8
-2	20
-14	8
-22	15
-14	8
-14	8
-14	8
-21	8
-14	8
-14	8
-14	8
-14	8
-14	8
-16	10
-14	8
-16	10
-14	8
-14	8
-14	8
-14	8
-14	8
-14	8
-3	21
-14	8
-14	8
-14	8
-14	8
-25	12
-14	8
-14	8
-11	11
-14	8
-14	8
-14	8
-196	190
-14	8
-14	8
-23	10
8	10
-14	8
-14	8
-14	8
-30	10
-14	8
-14	8
-14	8
-19	18
-14	8
-14	8
-14	8
-14	8
-14	8
-14	8
-14	8
-14	8
-14	8
-14	8
-14	8
-14	8
-21	21
-14	8
-14	8
8	10
-14	8
-14	8
-14	8
-16	10
-14	8
-14	8
-16	10
-14	8
-14	8
-23	10
-14	8
-14	8
-16	10
-14	8
-14	8
-12	12
-23	10
-14	8
-16	10
-16	10
-14	8
-14	8
-14	8
-14	8
-14	8
-14	8
-14	8
-14	8
-16	10
-23	10
-14	8
-14	8
-14	8
-14	8
-14	8
-16	10
-14	8
-14	8
-25	25
-14	8
-16	10
-14	8
-16	10
-14	8
-14	8
-14	8
-14	8
-14	8
8	10
-14	8
-14	8
-16	10
-14	8
-14	8
-12	12
-16	10
-14	8
-14	8
-14	8
-14	8
-14	8
-14	8
-14	8
-14	8
-14	8
-14	8
-42	36
-14	8
-14	8
-14	8
-14	8
-23	10
-14	8
-14	8
-14	8
-25	12
-14	8
-14	8
-14	8
-14	8
-28	21
-14	8
-16	10
-14	8
-14	8
-14	8
-14	8
-14	8
-14	8
-14	8
-14	8
-14	8
-14	8
-3	21
-14	8
-14	8
-14	8
-14	8
-17	11
-14	8
2	15
-20	13
-14	8
-14	8
-14	8
-14	8
-14	8
-54	48
-41	14
-26	20
-25	12
-39	26
-43	30
-14	8
-16	10
-14	8
-14	8
-14	8
-14	8
-14	8
-14	8
-14	8
-14	8
-16	34
-14	8
-14	8
-14	8
-14	8
-14	8
-80	74
-14	8
-30	10
-14	8
-15	9
-14	8
-20	13
-14	8
-30	10
-14	8
-14	8
-14	8
-14	8
-14	8
-14	8
-14	8
-14	8
-14	8
-14	8
-14	8
-16	10
-14	8
-14	8
-14	8
-14	8
-14	8
-52	46
-29	16
-14	8
-14	8
-14	8
-14	8
8	10
-14	8
-14	8
-14	8
-14	8
-14	8
-20	13
-17	17
-14	8
-16	10
-14	8
-14	8
-14	8
-14	8
-44	38
-46	46
-39	26
-116	110
-37	10
-23	10
-14	8
-14	8
-14	8
-18	12
-14	8
-20	14
-14	8
-14	8
-14	8
-23	10
-14	8
-14	8
-14	8
-14	8
-14	8
-14	8
-8	12
-14	8
-14	8
-41	14
-14	8
-14	8
-14	8
-14	8
-12	12
-14	8
-14	8
-16	10
-14	8
-14	8
-14	8
-14	8
-14	8
-14	8
-14	8
-14	8
-14	8
-14	8
-14	8
-14	8
-14	8
-14	8
-14	8
-14	8
-16	10
-14	8
-14	8
-14	8
-14	8
-14	8
-16	10
-14	8
-14	8
-48	42
-14	8
-14	8
-14	8
-18	12
-14	8
-14	8
-14	8
-25	18
-14	8
-14	8
-14	8
-14	8
-15	9
-14	8
-14	8
-14	8
-14	8
-14	8
-14	8
-14	8
-14	8
-14	8
-14	8
-14	8
-16	10
-23	10
-14	8
-14	8
-10	28
-14	8
-14	8
6	12
-14	8
-14	8
-12	12
-18	12
8	10
-16	10
-14	8
-14	8
-14	8
-14	8
-55	42
-43	30
-23	10
-21	8
-25	12
-51	55
-23	10
-14	8
-16	10
-14	8
-14	8
-14	8
-14	8
-14	8
-14	8
-14	8
-14	8
-14	8
-14	8
-14	8
-14	8
-14	8
-16	10
-14	8
-14	8
-14	8
-14	8
8	10
-14	8
-14	8
-15	15
-14	8
-14	8
-14	8
-16	10
-14	8
-14	8
-14	8
-16	10
-14	8
-16	10
-14	8
-27	14
-14	8
-14	8
-14	8
-16	10
-14	8
-14	8
-14	8
-14	8
-14	8
-14	8
-14	8
-14	8
-37	31
-14	8
-15	15
-14	8
-23	10
-14	8
-16	10
-14	8
-14	8
-14	8
-14	8
-23	10
-14	8
-14	8
-14	8
-14	8
-14	8
-14	8
-14	8
-32	12
-16	10
-22	15
-14	8
-14	8
-14	8
-14	8
-14	8
-14	8
-14	8
-14	8
-14	8
-14	8
-14	8
-23	22
-14	8
-14	8
-14	8
-14	8
-14	8
-14	8
-14	8
-14	8
-23	10
-14	8
-16	10
-16	16
-75	93
-33	26
-18	18
-23	10
-14	8
-216	214
-21	8
-14	8
-16	10
-21	8
1	10
-14	8
-16	10
-14	8
-16	10
-30	24
-24	42
-14	8
-14	8
-14	8
-14	8
-105	78
-97	84
-46	40
-32	26
-34	28
-14	8
-14	8
-23	10
-16	10
-14	8
-25	12
-14	8
-14	8
-14	8
-14	8
-14	8
-23	10
-14	8
-14	8
-14	8
-14	8
-14	8
-14	8
-23	10
8	10
-16	10
-14	8
-18	18
-48	42
-102	89
-106	86
-14	8
-21	8
-21	8
-14	8
-14	8
-14	8
-48	42
-40	34
-21	25
-46	64
-23	10
-14	8
-21	8
-21	8
-33	13
-75	62
-26	20
-38	32
-14	8
-16	10
-14	8
-14	8
-16	10
-14	8
-14	8
-14	8
-14	8
-14	8
-14	8
-16	10
-14	8
-14	8
-35	34
-14	8
-14	8
-14	8
-14	8
-14	8
-14	8
-14	8
-14	8
-30	10
-14	8
-14	8
-14	8
-14	8
-14	8
-14	8
-14	8
-14	8
-14	8
-23	10
-17	17
-14	8
-32	12
-16	10
-14	8
-14	8
-14	8
-23	16
-14	8
-14	8
-14	8
-14	8
-1	12
-14	8
-14	8
-23	10
-14	8
-14	8
-14	8
-14	8
-17	17
-14	8
-14	8
-14	8
-16	10
-14	8
-14	8
-14	8
-14	8
-14	8
-23	10
-14	8
-14	8
-14	8
-14	8
-22	15
-14	8
-14	8
-14	8
-14	8
-14	8
-14	8
-14	8
-18	12
-14	8
-76	70
-14	8
-14	8
-14	8
-14	8
-15	9
-14	8
-14	8
-23	10
-16	10
-14	8
-14	8
-14	8
-14	8
-30	10
-16	10
-14	8
-16	16
-14	8
-14	8
-14	8
-14	8
-14	8
-14	8
-30	10
-14	8
-14	8
-14	8
-14	8
-14	8
-14	8
-14	8
-14	8
-14	8
-14	8
-14	8
-14	8
-14	8
-14	8
-14	8
-14	8
-18	12
-14	8
-14	8
-14	8
-14	8
-14	8
-14	8
-14	8
-14	8
-14	8
-16	10
-14	8
-14	8
-14	8
-16	10
-14	8
-14	8
-30	23
-3	21
-23	10
-14	8
-14	8
-16	10
-14	8
-14	8
-14	8
-14	8
-23	10
-59	46
4	14
-16	10
-30	10
-23	10
-21	8
-14	8
-25	12
-71	58
-16	10
-21	8
-25	12
-21	8
-25	12
-21	8
-14	8
-21	8
-18	12
-21	8
-14	8
-21	8
-14	8
-16	10
-14	8
-25	12
-14	8
-216	210
-97	91
-34	28
-51	38
-14	8
-94	92
-14	8
-14	8
-15	9
-14	8
-14	8
-14	8
-14	8
-16	10
-14	8
8	10
-23	10
-14	8
-30	10
-15	9
-19	19
-14	8
-14	8
-14	8
-14	8
-14	8
-16	10
3	15
-14	8
-14	8
-14	8
-14	8
-14	8
-14	8
-14	8
-14	8
-14	8
-14	8
-14	8
-14	8
-14	8
-14	8
-14	8
-14	8
-14	8
-14	8
-14	8
-14	8
-30	24
-14	8
-14	8
-14	8
-14	8
-14	8
-15	9
-14	8
-14	8
-14	8
-14	8
-16	10
-14	8
-14	8
-14	8
-14	8
-14	8
-14	8
-14	8
-14	8
-14	8
-14	8
-14	8
-14	8
-16	10
-14	8
-15	9
-14	8
-14	8
-14	8
-14	8
-16	10
-14	8
-14	8
-16	10
-14	8
-14	8
-12	12
-14	8
-16	10
-14	8
-14	8
-14	8
-14	8
-14	8
-14	8
-14	8
-14	8
-14	8
-14	8
-14	8
-14	8
-14	8
8	10
-14	8
-14	8
-14	8
-14	8
-16	10
-14	8
-14	8
-14	8
-16	10
-14	8
-18	12
8	10
-14	8
-14	8
-30	10
-14	8
-14	8
-27	21
-14	8
-14	8
-14	8
-14	8
-15	9
-14	8
-16	10
-14	8
-14	8
-31	18
-44	38
-16	10
-16	10
-14	8
-41	35
-14	8
-14	8
-14	8
-14	8
-14	8
-16	10
-16	10
-14	8
-14	8
-14	8
-14	8
-14	8
-14	8
-14	8
-14	8
-25	12
-16	10
-14	8
-14	8
-14	8
-14	8
-14	8
-16	10
-29	9
-14	8
-14	8
-14	8
-14	8
-14	8
-23	10
-14	8
-14	8
-14	8
-14	8
-14	8
-14	8
-14	8
-14	8
-14	8
-14	8
-14	8
-14	8
-14	8
-14	8
-14	8
-14	8
-14	8
-14	8
-14	8
-14	8
-14	8
-14	8
-16	10
-14	8
-14	8
-14	8
-14	8
-15	9
-14	8
-16	10
-14	8
-14	8
-14	8
-14	8
-14	8
-38	32
-14	8
-14	8
-14	8
-14	8
-14	8
-11	11
-14	8
-14	8
-14	8
-14	8
-14	8
-247	265
-90	108
-14	8
-14	8
-222	209
-21	15
-59	46
-21	8
-21	8
-21	8
-21	8
-21	8
-61	47
-21	8
-21	8
-14	8
-14	8
-21	8
-14	8
-21	8
-20	14
-14	8
-18	12
-14	8
-14	8
-97	91
-24	18
-26	13
-9	20
-45	32
-16	10
-26	20
-16	10
-27	14
-33	20
-38	32
-16	10
-31	25
-92	86
-16	10
8	10
-14	8
-14	8
-14	8
-133	144
-14	8
-21	8
-14	8
-30	24
-23	10
-21	8
-21	8
-21	8
1	10
-21	8
-27	14
-21	8
-23	10
-21	8
-21	8
-21	8
-14	8
-21	8
-36	16
-27	14
-30	10
-14	8
-14	8
-53	40
-129	140
-21	8
-14	8
-21	8
-21	8
-21	8
-21	8
-21	8
-21	8
-14	8
-22	16
-109	120
-41	14
-16	10
-32	26
-14	8
-14	8
-21	8
-21	8
-61	47
-14	8
-14	8
-48	42
-46	64
-16	10
-37	10
-16	10
-14	8
-21	8
-14	8
-16	10
-14	8
-14	8
-14	8
-14	8
-14	8
-14	8
-14	8
-16	10
-14	8
-14	8
-30	10
-23	10
-14	8
-14	8
-14	8
-14	8
-14	8
-14	8
-14	8
-14	8
-14	8
-14	8
-14	8
-14	8
-14	8
-14	8
-14	8
-16	10
-14	8
-14	8
-14	8
-64	58
-14	8
-14	8
-14	8
-14	8
-23	10
-14	8
-14	8
-14	8
-14	8
-16	10
-14	8
-14	8
-14	8
-14	8
-16	10
3	15
-14	8
-14	8
-14	8
-43	37
-14	8
-84	83
-27	14
-37	48
-21	8
-21	8
-14	8
-21	8
-16	10
-21	8
-21	8
-21	8
-14	8
-27	14
-56	36
-21	8
-16	10
-21	8
-21	8
-14	8
-21	8
-14	8
-21	8
-22	16
-14	8
-16	10
-122	140
-29	16
-14	8
-21	8
-14	8
-14	8
-16	10
-14	8
-14	8
-14	8
-50	44
-34	28
-36	30
-35	22
-21	8
-14	8
-21	8
-21	8
-14	8
-50	16
-28	22
-21	8
-21	8
-21	8
-21	8
-23	10
-14	8
-21	8
-14	8
-14	8
-14	8
-14	8
-14	8
-14	8
-14	8
-14	8
-14	8
-14	8
-14	8
-14	8
-23	10
-16	10
-23	10
-16	10
-17	11
-14	8
-16	10
-14	8
-14	8
-14	8
-14	8
-14	8
-14	8
8	10
-14	8
-14	8
-16	10
-14	8
-14	8
-14	8
-14	8
-14	8
-14	8
-14	8
-16	10
-14	8
-14	8
-16	10
-14	8
-14	8
-14	8
-14	8
-14	8
-14	8
-14	8
-14	8
-14	8
-14	8
-14	8
-14	8
-14	8
-16	10
-14	8
-17	11
-14	8
-16	10
-14	8
-18	36
-14	8
-16	10
-16	10
-14	8
-16	10
-14	8
-14	8
-14	8
-14	8
-14	8
-14	8
-30	10
-14	8
-14	8
-14	8
-14	8
-14	8
-14	8
-14	8
-16	10
-14	8
-25	12
-14	8
-14	8
-14	8
-16	10
-16	10
-14	8
-14	8
-16	10
-14	8
-16	10
-14	8
-16	10
-14	8
-14	8
-14	8
-14	8
-23	41
-19	13
-14	8
-14	8
-14	8
-16	10
-14	8
-14	8
-14	8
-76	56
-55	42
-34	28
-72	66
-88	75
-14	8
-14	8
-14	8
-14	8
-14	8
-14	8
-14	8
-14	8
-14	8
-14	8
-14	8
-14	8
-20	13
-14	8
-14	8
-14	8
-14	8
-9	9
-14	8
-14	8
-14	8
-14	8
-14	8
-14	8
-14	8
-14	8
-14	8
-14	8
-14	8
-14	8
-14	8
-29	22
-14	8
-14	8
-14	8
6	12
-14	8
-14	8
-14	8
-14	8
-14	8
-14	8
-20	14
-20	20
-14	8
-14	8
-14	8
-14	8
-14	8
-14	8
-14	8
-14	8
-14	8
8	10
-14	8
-106	100
-14	8
-14	8
-14	8
-14	8
-26	19
-16	10
-14	8
-30	10
-14	14
-16	10
-14	8
-14	8
-14	8
-14	8
-14	8
-14	8
-14	8
-14	8
-14	8
-14	8
-14	8
-14	8
-14	8
-14	8
-20	13
-14	8
-16	10
-14	8
-22	16
-14	8
-20	20
-14	8
-14	8
-14	8
-23	10
-14	8
-16	10
-16	10
-14	8
-16	10
-16	10
-14	8
-14	8
-16	10
-14	8
-14	8
-14	8
-14	8
-14	8
-14	8
-27	20
-14	8
-18	12
-14	8
-14	8
-14	8
-23	10
-14	8
-14	8
-14	8
-14	8
-14	8
-14	8
-14	8
-25	43
-14	8
-23	16
-14	8
-20	13
-14	8
-14	8
-12	12
-11	11
-14	8
-18	12
-19	13
-14	8
-63	50
-23	10
-21	8
1	10
-21	8
-21	8
-21	8
-21	8
-23	10
-21	8
-21	8
-21	8
-21	8
-23	10
-21	8
-16	10
-14	8
-14	8
-20	14
-14	8
-16	10
-59	70
-21	8
-14	8
-23	10
-21	8
-21	8
-16	10
-21	8
-21	8
-21	8
-21	8
-16	10
-14	8
-30	10
-14	8
-14	8
-14	8
-14	8
-69	56
-26	44
-20	14
-112	123
-21	8
-95	82
-21	8
-21	8
-28	22
-30	24
-16	10
-16	10
-60	78
-14	8
-14	8
-14	8
-14	8
-16	10
-14	8
-14	8
-76	76
-14	8
-14	8
-23	10
-14	8
-14	8
-15	9
-14	8
-14	8
-14	8
-89	83
-24	42
-15	33
-64	58
-16	10
-48	14
-383	361
-21	15
-40	34
-148	166
-105	116
-14	8
-21	8
-46	26
-21	8
-29	16
-48	28
-14	8
-14	8
-28	22
-22	16
-41	28
-62	80
-25	12
-11	22
-21	8
-21	8
-16	10
-24	17
-14	8
-14	8
-14	8
-12	12
-14	8
-14	8
-14	8
-39	12
-14	8
-16	10
-14	8
-14	8
-14	8
-26	20
-23	10
-14	8
-14	8
-15	9
-14	8
-14	8
-14	8
-14	8
-71	30
-14	8
-14	8
-14	8
-14	8
-14	8
-14	8
-14	8
-14	8
-14	8
-16	10
-14	8
-32	12
-14	8
-14	8
-16	10
-14	8
-14	8
-14	8
-16	10
-14	8
-14	8
-14	8
-14	8
-14	8
-14	8
-14	8
-14	8
-14	8
-14	8
-14	8
-14	8
-16	10
-14	8
-14	8
-14	8
-14	8
-14	8
-14	8
-14	8
-14	8
-14	8
-15	9
-14	8
-14	8
-14	8
-14	8
-14	8
-14	8
-14	8
-14	8
-14	8
-18	12
-14	8
-14	8
-14	8
-14	8
-14	8
-16	10
-41	14
-14	8
6	12
-14	8
-16	10
-14	8
-14	8
-14	8
-14	8
-14	8
-14	8
-18	12
3	15
-14	8
-14	8
-14	8
-14	8
-24	11
-18	12
-24	18
-14	8
-30	10
-14	8
-14	8
-16	10
-14	8
-14	8
-14	8
-14	8
-14	8
-14	8
-14	8
-14	8
-14	8
-30	10
-14	8
-14	8
-14	8
-30	10
-14	8
-14	8
7	11
0	18
-16	10
-14	8
-16	10
-14	8
-14	8
-16	10
-15	9
-14	8
-160	153
-16	10
-18	12
-14	8
-21	8
-14	8
-23	10
-14	8
-14	8
-21	8
-14	8
-14	8
-14	8
-14	8
-14	8
-64	82
-66	84
-21	8
-21	8
-21	8
-21	8
-21	8
-15	9
-14	8
-82	62
-60	40
-7	18
-21	8
-21	8
-21	8
-21	8
-21	8
-1	19
-14	8
-14	8
-14	8
-21	8
-21	8
-16	10
-14	8
-14	8
-20	14
-73	60
-72	90
-14	8
-14	8
-121	121
-23	10
-14	8
-14	8
-14	8
-14	8
-14	8
-14	8
-14	8
-14	8
-14	8
-14	8
-14	8
-14	8
-14	8
-58	58
-11	11
-14	8
-16	10
-16	16
-14	8
-46	40
-58	45
-14	8
-14	8
-14	8
-14	8
-14	8
-14	8
-14	8
-14	8
-14	8
-14	8
-14	8
-14	8
-14	8
-14	8
-14	8
-14	8
-14	8
-14	8
-14	8
-71	65
-14	8
-23	10
-14	8
-14	8
-14	8
-14	8
-14	8
-23	10
-14	8
-14	8
-14	8
-14	8
-14	8
6	12
-14	8
-14	8
-14	8
-14	8
-14	8
-4	22
-14	8
-14	8
-14	8
-14	8
-108	95
-45	32
-23	10
-21	8
-23	10
-43	30
-31	18
-21	8
-23	10
-21	8
-21	8
-21	8
-21	8
-21	8
-14	8
-30	10
-21	8
-23	10
-23	10
-16	10
-21	8
-21	8
-21	8
-14	8
-14	8
-21	8
-14	8
-14	8
-14	8
-16	10
-14	8
-145	125
-28	22
0	18
-21	8
-16	10
-21	8
-21	8
-21	8
-14	8
-14	8
-14	8
-21	8
-21	8
-14	8
-14	8
-14	8
-14	8
-14	8
-14	8
-14	8
-14	8
-14	8
-16	10
-16	10
-14	8
-14	8
-14	8
-16	10
-14	8
-14	8
-14	8
-14	8
5	13
-14	8
-14	8
-14	8
-14	8
-14	8
-14	8
-14	8
-14	8
-14	8
-14	8
-16	10
-14	8
-14	8
-14	8
-14	8
-11	11
-14	8
-14	8
-14	8
-14	8
-14	14
-23	10
-14	8
-14	8
-14	8
-23	10
-14	8
-17	11
-16	10
-14	8
-14	8
-14	8
-14	8
-14	8
-14	8
-14	8
-14	8
-14	8
-14	8
-14	8
-14	8
-14	8
-14	8
-14	8
-14	8
-14	8
-14	8
-14	8
-14	8
-15	9
-14	8
-14	8
-14	8
-14	8
-16	10
-14	8
-14	8
-14	8
-14	14
-25	12
-16	10
-23	10
-14	8
-53	47
-14	8
-14	8
-16	10
-14	8
-14	8
-14	8
-14	8
-14	8
-16	10
-14	8
-14	8
-14	8
-20	13
-14	8
-20	13
-14	8
-14	8
-14	8
-14	8
-14	8
-14	8
-30	10
-14	8
-16	10
-14	8
-14	8
-14	8
-25	12
-14	8
-14	8
-14	8
-14	8
-14	8
-14	8
-14	8
-14	8
-14	8
-14	8
-14	8
-14	8
-14	8
-15	9
-14	8
-23	10
-16	10
-14	8
-16	10
-16	10
-14	8
-14	8
-53	47
-14	8
-13	13
-14	8
-14	8
-14	8
-14	8
-14	8
-14	8
-14	8
-14	8
-14	8
-14	8
-14	8
-14	8
-14	8
-18	12
-30	10
-14	8
-14	8
-14	8
-14	8
-14	8
-23	10
-14	8
-14	8
-16	10
-14	8
-16	10
-14	8
-14	8
-16	10
-14	8
-14	8
-14	8
-16	10
-32	12
-14	8
-14	8
-16	10
-14	8
-28	21
-10	28
-14	8
-14	8
-14	8
-14	8
-14	8
-14	8
-14	8
-14	8
-16	10
-14	8
-14	8
-16	10
-14	8
-14	8
-16	10
-14	8
-14	8
-14	8
-14	8
-14	8
-14	8
-14	8
-14	8
-14	8
-16	10
-14	8
-23	10
-14	8
-14	8
-16	10
-14	8
-14	8
-14	8
-73	91
-14	8
-14	8
-14	8
8	10
-48	66
-16	10
-25	12
-14	8
-163	148
-149	136
-156	156
-21	8
-23	10
-23	10
-21	8
-21	8
-21	8
-78	72
8	10
-49	49
-23	10
-51	38
-25	12
-59	46
-14	8
-21	8
-21	8
-14	8
-14	8
-21	8
-37	31
-18	12
-14	8
-18	12
-14	8
-14	8
-14	8
-16	10
-88	68
-14	8
-14	8
-14	8
-14	8
-14	8
-14	8
-14	8
-25	12
-14	8
-14	8
-14	8
-14	8
-14	8
-18	12
-14	8
-14	8
-14	8
-14	8
-16	10
-14	8
-14	8
-14	8
-14	8
-16	10
-14	8
-14	8
-14	8
-14	8
-14	8
-14	8
-14	8
-14	8
-29	22
-11	11
-14	8
-16	10
-16	10
-14	8
-14	8
-16	10
-14	8
-14	8
-14	8
-14	8
-14	8
9	15
-14	8
-14	8
-14	8
-22	15
-14	8
-14	8
-14	8
-14	8
-16	10
-14	8
-14	8
-24	11
-15	15
-22	15
-14	8
-14	8
-14	8
-14	8
-14	8
-14	8
-14	8
-14	8
-14	8
-14	8
-14	8
-23	10
-14	8
-14	8
-14	8
-14	8
-14	8
-14	8
-14	8
-14	8
-14	8
-14	8
-23	10
-14	8
-14	8
-16	10
-14	8
-14	8
-14	8
-14	8
-14	8
-14	8
-44	62
-15	9
-14	8
-14	8
-14	8
-14	8
-14	8
-11	11
-14	8
-14	8
-14	8
-16	10
-60	40
-39	26
-21	8
-21	8
-21	8
-25	12
-45	32
-23	10
-28	22
-14	8
-14	8
-14	8
-14	8
-14	8
-14	8
-21	8
-14	8
-16	10
-21	8
-21	8
-21	8
-21	8
-21	8
-21	8
-21	8
-14	8
-18	12
-14	8
-16	10
-20	14
-42	36
-14	8
-14	8
-14	8
-14	8
-14	8
-14	8
-14	8
-14	8
-84	102
-14	8
-14	8
-130	124
-18	12
-16	10
-14	8
-14	8
-30	10
-14	8
-16	10
-14	8
-14	8
-14	8
-14	8
-14	8
-14	8
8	10
-14	8
2	16
-14	8
-23	10
-14	8
-14	8
-14	8
-14	8
-14	8
-14	8
-63	50
-27	14
-27	14
-29	16
-21	8
-21	8
-21	8
-21	8
-21	8
-21	8
-32	19
-44	38
-18	12
-16	10
-16	10
-23	10
-14	8
-14	8
-14	8
-16	10
-14	8
-14	8
-14	8
-14	8
-30	24
-14	8
-14	8
-14	8
-23	10
-14	8
-16	10
-14	8
-14	8
-14	8
-14	8
-14	8
-14	8
-14	8
-14	8
-14	8
-30	10
-14	8
-23	10
-18	12
-16	10
-14	8
-14	8
-14	8
-14	8
8	10
-14	8
-14	8
-14	8
-16	10
-14	8
-14	8
-14	8
-14	8
-14	8
-14	8
-14	8
-14	8
-14	8
-14	8
-16	10
-16	10
-14	8
-14	8
-14	8
-14	8
-16	10
-15	9
-14	8
-22	15
-14	8
-14	8
-14	8
-14	8
-14	8
-14	8
-30	10
-14	8
-14	8
-16	10
-14	8
-14	8
-14	8
-15	9
-14	8
-14	8
-14	8
-14	8
-69	63
-14	8
-14	8
-14	8
-14	8
-14	8
-14	8
-14	8
-14	8
-14	8
-14	8
-12	12
-14	8
-14	8
-14	8
-14	8
-61	55
-14	8
-14	8
-14	8
-14	8
-14	8
-14	8
-23	10
-14	8
-14	8
-14	8
-23	10
-14	8
-14	8
-14	8
-14	8
5	13
-14	8
-16	10
-16	10
-14	8
-14	8
-16	10
-14	8
-14	8
-14	8
-23	23
-14	8
-16	10
-14	8
-16	10
-11	11
-14	8
-15	9
-132	70
-13	13
-14	8
-14	8
-14	8
-14	8
-14	8
-18	12
-14	8
-14	8
-14	8
-14	13
-14	8
-14	8
-14	8
-18	12
-30	10
-16	10
-16	10
-14	8
-14	8
-14	8
-14	8
-14	8
-14	8
-15	9
-16	10
-17	17
-14	8
-15	15
-14	8
-14	8
-16	10
-14	8
-14	8
-14	8
-14	8
-14	8
-14	8
-14	8
-14	8
-14	8
-14	8
-14	8
-14	8
-14	8
-14	8
-14	8
-14	8
-14	8
-14	8
-16	10
-14	8
-14	8
-14	8
-14	8
-14	8
-14	8
-14	8
-14	8
-14	8
-14	8
-14	8
-14	8
-14	8
-14	8
-16	10
-14	8
-16	10
-12	12
-16	10
-14	8
-14	8
-14	8
-14	8
-14	8
-14	8
-16	10
-23	10
-14	8
-14	8
-14	8
-14	8
-23	10
-14	8
-14	8
-14	8
-14	8
-11	11
-14	8
-14	8
-14	8
-14	8
-18	12
-14	8
-14	8
-14	8
-14	8
-20	13
-14	8
-16	10
-14	8
-14	8
-14	8
-14	8
-14	8
-14	8
-14	8
-14	8
-14	8
-14	8
-14	8
-14	8
-14	8
-23	10
-14	8
-14	8
-20	13
-14	8
-14	8
-16	10
-14	8
-14	8
-16	10
-18	12
-14	8
-12	12
-14	8
-14	8
-16	10
6	12
-14	8
-14	8
-195	189
-14	8
-14	8
-16	10
-14	8
-17	11
-14	8
-14	8
-14	8
-14	8
-14	8
-14	8
-14	8
-14	8
-14	8
-14	8
-27	14
-14	8
-14	8
-14	8
-14	8
-14	8
-16	10
-18	18
-14	8
-14	8
-14	8
-14	8
-14	8
-14	8
-14	8
-16	10
-14	8
-14	8
-14	8
-14	8
-14	8
-16	10
-14	8
-14	8
-14	8
-14	8
-14	8
-16	10
-14	8
-14	8
-14	8
-14	8
-16	10
-18	12
-14	8
-23	10
-14	8
-14	8
-14	8
-23	10
-15	9
-14	8
-14	8
-14	8
-14	8
-14	8
-14	8
-14	8
-14	8
-22	16
-14	8
-16	10
-14	8
-14	8
-16	10
-23	10
-14	8
-14	8
-15	9
-14	8
-14	8
-30	10
-14	8
-14	8
-19	19
-14	8
-16	10
-14	8
-14	8
-14	8
-16	10
-14	8
-18	12
-14	8
-14	8
-16	10
-14	8
-14	8
-16	10
-14	8
-14	8
-14	8
-16	10
-14	8
-14	8
-14	8
-16	10
-14	8
-14	8
-14	8
-14	8
-14	8
-14	8
-14	8
-14	8
-14	8
-14	8
-14	8
-14	8
-14	8
-14	8
-14	8
-14	8
-14	8
-14	8
-14	8
-14	8
-14	8
-14	8
-14	8
-14	8
-14	8
-14	8
-14	8
-18	12
-30	10
-14	8
-14	8
-16	10
-14	8
-30	10
-14	8
-28	21
-84	78
-14	8
-48	42
-38	18
-28	22
-74	68
-82	62
-16	10
-14	8
-14	8
-14	8
-14	8
-14	8
-14	8
-14	14
-14	8
-14	8
-14	8
-14	8
-14	8
-14	8
-14	8
-14	8
-14	8
-14	8
-14	8
-14	8
-14	8
-14	8
-16	10
-14	8
-14	8
-14	8
-14	8
-14	8
-14	8
-8	32
-11	11
-14	8
-14	8
-14	8
-14	8
-14	8
-14	8
-128	139
-27	21
-28	22
-21	8
-21	8
-21	8
-21	8
-14	8
-14	8
-39	12
-14	8
-14	8
-13	24
-14	8
-14	8
-14	8
-14	8
-14	8
-14	8
-14	8
-14	8
-51	38
-96	83
-89	76
-21	8
-14	8
-23	10
-14	8
-14	8
-14	8
-14	8
-14	8
-46	40
-20	14
-14	8
-14	8
-16	10
-14	8
-14	8
-14	8
-14	8
-14	8
-14	8
-16	10
-14	8
-14	8
-14	8
-14	8
-14	8
-14	8
-14	8
-14	8
-14	8
-14	8
-14	8
-14	8
-107	125
-25	25
-14	8
-14	8
-14	8
-14	8
-14	8
-16	10
-16	10
-89	88
-77	64
-16	10
-14	8
-21	8
-23	10
-14	8
-14	8
-14	8
-16	10
-14	8
-30	10
-48	66
-23	10
-21	8
-21	8
-23	10
-21	8
-32	12
-21	8
-21	8
-21	8
-14	8
-14	8
-92	72
-41	28
-21	8
-10	14
-18	12
-21	8
-21	8
-14	8
-14	8
-14	8
-14	8
-14	8
-14	8
-14	8
-14	8
-14	8
-28	22
-96	107
-21	8
-21	8
-16	10
-21	8
-14	8
-21	8
-14	8
-14	8
-14	8
-37	24
-39	33
-14	8
-68	86
-18	36
-14	8
-21	8
-14	8
-14	8
-14	8
-34	14
-1	19
-28	28
-14	8
-14	8
-14	8
-14	8
-14	8
-14	8
-14	8
-14	8
-14	8
-16	10
-14	8
-14	8
-14	8
-14	8
-14	8
-14	8
-14	8
-14	8
-14	8
-106	100
-14	8
-14	8
-14	8
-14	8
-16	10
-14	8
-14	8
-14	8
-8	8
-14	8
-14	8
-14	8
-23	10
-22	9
-14	8
-14	8
-14	8
-14	8
-14	8
-14	8
-14	8
-14	8
-24	17
-14	8
-14	8
-14	8
-14	8
-17	17
-14	8
-14	8
-14	8
-14	8
-14	8
-14	8
-14	8
-14	8
-23	10
-14	8
-14	8
-14	8
-14	8
-14	8
-14	8
-14	8
-14	8
-14	8
-14	8
-14	8
-14	8
-14	8
-14	8
-14	8
-14	8
-74	68
-14	8
-14	8
-28	46
-14	8
-14	8
-14	8
-14	8
-14	8
-16	10
-14	8
-16	10
-20	13
-14	8
-23	10
-14	8
-14	8
-14	8
-175	162
-14	8
-14	8
-14	8
-14	8
-14	8
-14	8
-14	8
-14	8
-14	8
-14	8
-14	8
-14	8
-14	8
-14	8
-14	8
-14	8
-16	10
-14	8
-14	8
-14	8
-14	8
-14	8
-14	8
-14	8
-14	8
-14	8
-14	8
-16	10
-14	8
-16	10
-14	8
-14	8
-14	8
-14	8
-16	10
-14	8
-14	8
-14	8
-14	8
-14	8
-14	8
-9	9
-14	8
-14	8
-14	8
-14	8
-14	8
-14	8
-14	8
-18	12
-20	13
-14	8
-28	46
-48	42
-14	8
-16	10
-14	8
-14	8
-14	8
-14	8
-14	8
-12	12
-14	8
-14	8
-16	10
-14	8
-14	8
-14	8
-14	8
-14	8
-14	8
-14	8
-14	8
-16	10
-14	8
-4	21
-14	8
-23	10
-14	8
-14	8
-14	8
-14	8
-14	8
-24	18
-23	10
-16	10
-103	121
-14	8
-14	8
-14	8
-14	8
-14	8
-16	10
-16	10
-14	8
-89	89
-30	24
-23	10
-123	54
-21	8
-25	12
-56	50
-42	22
-21	8
-21	8
-14	8
-14	8
-14	8
-14	8
-26	20
-16	10
-14	8
-21	8
-21	8
-21	8
1	10
-21	8
-21	8
-21	8
-21	8
-14	8
-14	8
-21	8
-21	8
-14	8
-55	42
-21	8
-25	12
-42	36
1	10
-21	8
-21	8
-16	10
-14	8
-18	12
-18	12
-65	52
-178	157
-6	24
-14	8
-14	8
-14	8
-14	8
-14	8
-14	8
-14	8
-14	8
-14	8
-14	8
-14	8
-14	8
-14	8
-14	8
-14	8
8	10
-14	8
-14	8
-14	8
-14	8
-42	35
-16	10
-14	8
-14	8
-16	10
-14	8
-14	8
-16	10
-35	22
-40	34
-20	14
-14	8
-31	25
-22	15
-14	8
-14	8
-16	10
-14	8
-14	8
-14	8
-14	8
-14	8
-14	8
-23	10
-14	8
-14	8
-14	8
-14	8
-16	10
-14	8
-16	10
-14	8
-14	8
-14	8
-14	8
-14	8
-14	8
-14	8
-14	8
-14	8
-23	10
-14	8
-14	8
-14	8
-14	8
-14	8
-14	8
-14	8
-14	8
-14	8
-14	8
-14	8
-14	8
-14	8
-14	8
-14	8
-14	8
-23	10
-14	8
-14	8
-16	10
-16	10
-14	8
-14	8
-14	8
-16	10
-14	8
-14	8
-71	89
-18	12
-14	8
-14	8
-14	8
-16	10
-14	8
-14	8
-315	331
-14	8
-21	8
-21	8
-23	10
-14	8
-14	8
-14	8
-23	10
-21	8
-14	8
-14	8
-14	8
-21	8
-16	10
-45	63
-14	8
-14	8
-14	8
-14	8
-14	8
-14	8
-7	25
-14	8
-14	8
-14	8
-14	8
-14	8
-14	8
-14	8
-14	8
-14	8
-14	8
-14	8
-36	29
-14	8
-14	8
-14	8
-14	8
-14	8
-14	8
-14	8
-14	8
-14	8
0	18
-23	10
-16	10
-24	11
-16	10
-14	8
-14	8
-14	8
-14	8
-97	115
-14	8
-14	8
-14	8
-14	8
-14	8
-14	8
-14	8
-16	10
-14	8
-14	8
-14	8
-14	8
-14	8
-16	10
-14	8
-14	8
-14	8
-14	8
-14	8
-14	8
-14	8
-14	8
-14	8
-14	8
-14	8
-16	10
-16	10
-14	8
-14	8
-14	8
-23	10
-16	10
-14	8
-14	8
-14	8
-14	8
-14	8
-14	8
-14	8
-88	106
-23	10
-23	10
-14	8
-14	8
-14	8
-34	27
-14	8
-14	8
-14	8
-16	10
-14	8
-20	13
-14	8
-14	8
2	16
-16	10
-60	54
-160	160
-385	365
-21	8
-14	8
-39	26
-27	14
-37	24
1	10
-21	8
-16	10
-14	8
-14	8
-21	8
-30	10
-37	10
-14	8
-16	10
-16	10
-14	8
-23	10
-14	8
-85	72
-30	24
-27	14
-25	12
-26	20
-36	30
-21	8
-14	8
-14	8
-14	8
-14	8
-14	8
-14	8
-14	8
-14	8
-14	8
-14	8
-14	8
-22	22
-14	8
-14	8
-14	8
-16	10
-14	8
-14	8
-14	8
-14	8
-14	14
-14	8
-14	8
-14	8
-14	8
-14	8
-14	8
-14	8
-14	8
-14	8
8	10
-23	10
-14	8
-14	8
-14	8
-14	8
-14	8
-14	8
-14	8
-14	8
-14	8
-25	12
-14	8
8	10
-16	10
-14	8
-14	8
-14	8
-18	12
-18	12
-14	8
-14	8
-14	8
-14	8
-13	13
-14	8
-24	17
-14	8
-14	8
-14	8
-14	8
-14	8
-28	28
-14	8
-14	8
-14	8
-16	10
-14	8
-14	8
-16	10
-14	8
-14	8
-14	8
-14	8
-30	10
-14	8
-14	8
-16	10
-14	8
-14	8
-14	8
-16	10
8	10
-14	8
-14	8
-16	10
-14	8
-14	8
-14	8
-14	8
-14	8
-14	8
-18	12
-14	8
-14	8
-14	8
-14	8
-14	8
-14	8
-14	8
-48	42
8	10
-14	8
-14	8
-18	18
-14	8
-14	8
-14	8
-14	8
-14	8
-14	8
-24	18
-18	12
-14	8
-14	8
-14	8
-14	8
-14	8
-14	8
-14	8
-14	8
-14	8
-14	8
-18	12
-14	8
-14	8
-14	8
-5	15
-14	8
-14	8
-14	8
-14	8
-14	8
-14	8
-14	8
-14	8
-14	8
-14	8
-14	8
-14	8
-14	8
-14	8
-14	8
-14	8
-14	8
-14	8
-14	8
-14	8
-14	8
-14	8
-12	12
-14	8
-13	13
-14	8
-14	8
-14	8
-14	8
8	10
-16	10
-14	8
-14	8
-16	10
-14	8
-14	8
-14	8
-12	12
-14	8
-14	8
-24	18
-16	10
-14	8
-14	8
-14	8
-14	8
-14	8
-11	11
-14	8
-14	8
-14	8
-14	8
-14	8
-14	8
-16	10
-2	26
-23	10
-14	8
-14	8
-12	12
-14	8
-14	8
-14	8
-61	48
-62	56
-45	56
-7	18
-21	8
-80	66
-21	8
1	10
-21	8
-14	8
-14	8
-14	8
-14	8
-14	8
-76	87
-26	44
-21	8
-21	8
-16	10
-24	18
-70	64
-42	36
-21	8
-21	8
-21	8
-21	8
-39	50
-14	8
-14	8
-54	48
-24	18
-58	52
-21	8
-14	8
-6	24
-23	10
-14	8
-30	10
-14	8
-90	108
-14	8
-14	8
-59	52
-21	8
-23	10
-14	8
-16	10
-14	8
-16	10
-14	8
-14	8
-18	12
-14	8
-16	10
-14	8
-14	8
-89	107
-14	8
-14	8
-14	8
-14	8
-30	24
-23	22
-14	8
-14	8
-14	8
-14	8
-15	9
-14	8
-14	8
-14	8
-14	8
-14	8
-18	12
-14	8
-14	8
-19	19
-14	8
-14	8
-14	8
-14	8
-16	10
-14	8
-14	8
-14	8
-14	8
-16	10
-14	8
-14	8
-16	10
-14	8
-14	8
-14	8
-14	8
-14	8
-14	8
-14	8
-14	8
-14	8
-14	8
-14	8
-14	8
-14	8
-14	8
8	10
-14	8
-16	10
-14	8
-14	8
-14	8
-14	8
-14	8
-74	85
-12	12
-14	8
-14	8
-14	8
-14	8
-14	8
-14	8
-14	8
-16	10
-14	8
6	12
-14	8
-14	8
-16	10
-14	8
-18	12
-16	10
-14	8
-14	8
-30	10
-14	8
-14	8
-16	10
-14	8
-14	8
-14	8
-16	10
-14	8
-14	8
-16	10
-14	8
-30	10
-14	8
-14	8
-14	8
-14	8
-14	8
-14	8
-14	8
-13	13
-14	8
-14	8
-14	8
-14	8
-14	8
-14	8
-14	8
-14	8
-14	8
-14	8
-14	8
-18	12
-14	8
-26	13
-22	16
-54	41
-15	9
-14	8
-16	10
-14	8
-17	17
-14	8
-14	8
-14	8
-14	8
-16	10
-14	8
-16	10
-14	8
-14	8
-14	8
-14	8
-14	8
-37	24
-14	8
-14	8
-14	8
-14	8
-14	8
-27	20
-14	8
-14	8
-14	8
-14	8
-14	8
-14	8
-14	8
-16	10
-26	19
-14	8
-30	10
-14	8
-14	8
-14	8
-14	8
-14	8
-15	9
-14	8
-14	8
-14	8
-14	8
-14	8
-16	10
-14	8
-14	8
-14	8
-16	10
-25	12
-14	8
-14	8
-16	10
-14	8
-14	8
-25	12
-14	8
-14	8
-14	8
-16	10
-14	8
-14	8
-14	8
-14	8
-14	8
-14	8
-14	8
-14	8
-14	8
-14	8
-14	8
-14	8
-11	11
-14	8
-14	8
-14	8
-14	8
-14	8
-14	8
-14	8
-14	8
-14	8
-14	8
-14	8
-14	8
-14	8
-14	8
-14	8
-14	8
-14	8
-16	10
-14	8
-14	8
-14	8
-14	8
-14	8
-14	8
-23	10
-14	8
-16	10
-14	8
-14	8
-14	8
-14	8
-14	8
-14	8
-32	12
-14	8
-22	15
-14	8
-24	24
-8	12
-14	8
-14	8
-14	8
-44	62
-14	8
-14	8
-14	8
-14	8
-16	10
-14	8
-14	8
-14	8
-14	8
-20	14
-14	8
-14	8
-14	8
-14	8
-14	8
-14	8
-16	10
-16	10
-14	8
-16	10
-14	8
-14	8
-14	8
-30	10
-14	8
-14	8
-14	8
-14	8
-14	8
-14	8
-14	8
-14	8
-14	8
-14	8
-14	8
-14	8
-14	8
-14	8
-14	8
-14	8
-16	10
-14	8
-14	8
-14	8
-14	8
-14	8
-14	8
-18	12
-14	8
-23	10
-14	8
-14	8
-23	10
-14	8
-14	8
-16	10
-23	10
-16	10
-14	8
-14	8
-14	8
-14	8
-14	8
-23	10
-14	8
-14	8
-14	8
-14	8
-14	8
-14	8
-14	8
-14	8
-14	8
-16	10
-14	8
-14	8
-14	8
-14	8
-20	13
-1	12
-14	8
-14	8
-15	15
-14	8
-16	10
-14	8
-14	8
-14	8
-14	8
-14	8
-14	8
-90	70
-88	82
-16	10
-18	12
-16	10
-14	8
-16	10
-16	10
-57	68
-14	8
-14	8
-21	8
-14	8
-21	8
-14	8
-14	8
-16	10
8	10
-14	8
-214	200
-58	52
-28	22
-73	84
-21	8
-21	8
-14	8
-20	14
-25	12
-21	8
-71	58
-30	24
-45	23
-37	10
-23	10
-21	8
-14	8
-14	8
-21	8
-14	8
-21	8
-21	8
-21	8
-14	8
-14	8
-21	8
-26	44
-14	8
-14	8
-16	10
-53	40
-20	14
-48	42
-18	12
-32	26
-14	8
-16	10
-14	8
-16	10
-14	8
-14	8
-14	8
-14	8
-15	9
-32	12
-14	8
-14	8
-14	8
-14	8
-14	8
-14	8
-16	10
-14	8
-30	10
-14	8
-20	13
-14	8
-18	12
-14	8
-14	8
-14	8
-25	12
-63	57
-14	8
-18	12
-49	22
-27	14
-14	8
-14	8
-25	12
-14	8
-14	8
-14	8
-14	8
-14	8
-14	8
-14	8
-14	8
-14	8
-14	8
-12	12
-14	8
-14	8
-14	8
-14	8
-16	10
-14	8
-14	8
-14	8
-14	8
-14	8
-14	8
-14	8
8	10
-16	10
-14	8
-14	8
-14	8
-14	8
-14	8
-14	8
-14	8
-14	8
-14	8
-14	8
-14	8
-14	8
-30	10
-14	8
-18	12
-32	12
-14	8
-14	8
-36	20
-63	50
-30	24
-14	8
-14	8
-130	134
-54	72
-48	59
-23	10
-50	44
-21	8
-81	61
-63	50
-21	8
-21	8
-21	8
-21	8
-21	8
-21	8
-14	8
-21	8
-21	8
-21	8
-23	10
-23	10
-14	8
-27	14
-14	8
-14	8
-186	176
-14	8
-14	8
-39	12
-21	8
-21	8
-21	8
-21	8
-16	10
-16	10
-21	8
-14	8
-21	8
-14	8
-14	8
-14	8
-14	8
-14	8
-92	79
-22	16
-56	60
-57	68
-21	8
-14	8
-36	30
-21	8
-14	8
-14	8
-14	8
-34	28
-18	12
-21	8
-58	52
-23	10
-14	8
-16	10
-23	10
-16	10
-14	8
-16	10
-14	8
-14	8
-81	61
-14	8
-14	8
-22	16
-20	14
-24	18
-18	12
-20	38
-37	24
-21	8
-14	8
-14	8
-20	14
-14	8
-14	8
-14	8
-14	8
-23	17
-14	8
-16	10
-14	8
-14	8
-14	8
-16	10
-16	10
-14	8
-14	8
-14	8
-14	8
-15	9
-14	8
-18	12
-16	10
-21	14
-111	115
-14	8
-18	12
-16	10
-16	10
-54	48
-21	8
-186	159
-30	24
-28	22
-14	8
-14	8
-14	8
-14	8
-14	8
-30	10
-14	8
-14	8
-14	8
-73	60
-14	8
-14	8
-26	20
-61	48
-18	12
-79	66
-24	18
-16	10
-21	8
-14	8
-20	14
-21	8
-21	8
-21	8
-14	8
-21	8
-14	8
-21	8
-23	10
-23	10
-30	10
-14	8
-25	12
-14	8
-21	8
-14	8
-14	8
-23	10
-14	8
-14	8
-14	8
-30	24
-46	64
-149	160
-23	10
-16	10
-21	8
-281	267
-70	88
-54	48
-16	10
-14	8
-14	8
-14	8
-25	12
-14	8
-36	30
-14	8
-14	8
-50	68
-14	8
-14	8
-14	8
-16	10
-14	8
-14	8
-14	8
-14	8
-176	175
-21	8
-14	8
-14	8
-14	8
-14	8
-14	8
-54	48
-30	34
-25	12
-21	8
-21	8
-21	8
-21	8
-21	8
-21	8
-30	10
-21	8
-21	8
-16	10
-14	8
-14	8
-30	24
-23	10
-14	8
-24	42
-14	8
-33	20
-52	56
-21	8
-14	8
-14	8
-21	8
-21	39
-16	10
-74	92
-116	134
-47	34
-21	8
1	10
-16	10
-14	8
-14	8
-14	8
-14	8
-14	8
-14	8
-16	10
-14	8
-14	8
-14	8
-14	8
-25	18
-14	8
-14	8
-14	8
-238	256
-14	8
-16	10
-14	8
-12	12
-14	8
-22	16
-14	8
-14	8
-24	18
-31	31
-70	64
-22	16
-21	8
-21	8
-3	21
-98	92
-14	8
-14	8
-23	10
-21	8
-21	8
-21	8
-21	8
-44	24
-16	10
-14	8
-16	10
-14	8
-14	8
-14	8
-14	8
-14	8
-21	8
-22	40
-85	72
-21	8
-21	8
-14	8
-23	10
-21	8
-93	66
-83	70
-24	18
-32	26
-59	70
-20	14
-65	52
-39	12
-21	8
-21	8
-21	8
-14	8
-53	39
-14	8
-14	8
-14	8
-14	8
-14	8
-14	8
-14	8
-14	8
-57	68
-45	56
-21	8
-21	8
-21	8
-14	8
-14	8
-35	22
-14	8
-26	20
-29	16
-25	12
-45	32
-95	99
-37	10
-24	18
-25	12
-14	8
-14	8
-14	8
-14	8
-25	12
-14	8
-16	10
-14	8
-14	8
-23	10
-14	8
-21	8
-21	8
-21	8
-14	8
-14	8
-14	8
-14	8
-14	8
-14	8
-122	116
-18	12
-14	8
-16	10
-14	8
-14	8
-16	10
-14	8
-14	8
-14	8
-14	8
-14	8
-14	8
-14	8
-14	8
-14	8
-14	8
-14	8
-14	8
-14	8
-14	8
-14	8
-14	8
-14	8
-14	8
-14	8
-14	8
-14	8
-14	8
-14	8
-14	8
-16	10
-14	8
-16	10
-14	8
-16	10
-14	8
-14	8
-16	10
-14	8
-14	8
-14	8
-14	8
-14	8
-15	9
-14	8
-14	8
-14	8
-14	8
-14	8
-30	10
-14	8
-14	8
-14	8
-14	8
-14	8
-14	8
-14	8
-16	10
-14	8
-31	25
-14	8
-14	8
-14	8
-14	8
-14	8
-13	13
-14	8
-14	8
-21	8
-14	8
-13	13
-23	10
-14	8
-14	8
-14	8
-14	8
-14	8
-16	10
-56	50
-62	55
-14	8
-14	8
-14	8
-14	8
-14	8
-14	8
-14	8
2	16
-14	8
6	12
-16	10
-14	8
-22	15
-14	8
-14	8
-16	10
-50	49
-56	36
-21	8
-22	16
-33	20
-93	111
-14	8
-88	82
-23	10
-20	14
-31	42
-14	8
-37	10
-14	8
-23	10
-23	10
-14	8
-14	8
-14	8
-16	10
-134	128
-21	8
-21	8
-14	8
-23	10
-21	8
-14	8
-14	8
-30	10
-90	77
-143	154
-57	75
-14	8
-16	10
-63	50
-28	46
-20	14
-22	16
-21	8
-21	8
-14	8
8	10
-21	8
-21	8
-21	8
-14	8
-14	8
-14	8
-16	10
-14	8
-44	38
-14	8
-14	8
-14	8
-14	8
-14	8
-14	8
-16	10
-14	8
-14	8
-39	39
-14	8
-14	8
-14	8
-16	10
-18	12
-14	8
-14	8
-14	8
-14	8
-14	8
-14	8
-14	8
-16	10
-14	8
-50	44
-41	28
-28	22
-23	10
-14	8
-16	10
-14	8
-14	8
6	12
-14	8
-14	8
-14	8
-14	8
-14	8
-14	8
-14	8
-14	8
-14	8
-14	8
-14	8
-16	10
-14	8
-14	8
-11	11
-14	8
-14	8
-14	8
-16	10
8	10
-14	8
-14	8
-14	8
-14	8
-14	8
-14	8
-14	8
-14	8
-14	8
-14	8
-30	10
-14	8
-14	8
-14	8
8	10
-14	8
-14	8
-30	10
-14	8
-14	8
-14	8
-14	8
-18	18
-16	10
-14	8
-14	8
-14	8
-14	8
8	10
-14	8
-14	8
-14	8
-14	8
-14	8
-14	8
-14	8
-14	8
-14	8
-14	8
-14	8
-14	8
-14	8
-14	8
-14	8
-14	8
-14	8
-14	8
-14	8
-18	12
-14	8
-14	8
-16	10
-21	15
-39	26
-14	8
-14	8
-14	8
-14	8
-14	8
-14	8
-14	8
-14	8
-16	10
-14	8
-20	13
-14	8
-14	8
-14	8
-15	9
-12	12
-14	8
-14	8
-14	8
-14	8
-14	8
-14	8
-16	10
-14	8
-18	12
-30	24
-14	8
-59	53
-14	8
-20	13
-14	8
-14	8
-16	10
-14	8
-16	10
-14	8
-14	8
-23	41
-16	10
-14	8
-14	8
-21	14
-14	8
-14	8
8	10
-14	8
-14	8
-16	10
-14	8
-14	8
-14	8
-14	8
-14	8
-25	25
-14	8
-14	8
-14	8
-14	8
-14	8
-14	8
-102	120
-14	8
-14	8
-14	8
-14	8
-14	8
-14	8
-14	8
5	13
-14	8
-14	8
-16	10
-14	8
-14	8
-14	8
-14	8
-18	12
-30	10
-16	10
-14	8
-21	21
-14	8
-11	11
-23	17
-14	8
-14	8
-14	8
-14	8
-14	8
-14	8
-14	8
-18	18
-14	8
-14	8
-14	8
-14	8
-14	8
-14	8
-14	8
-14	8
-30	10
-14	8
-14	8
-24	11
-83	101
-14	8
-14	8
-14	8
-14	8
-14	8
-14	8
-16	10
-14	8
4	14
-14	8
-14	8
-16	10
-14	8
-14	8
-14	8
-14	8
-14	8
-14	8
-14	8
-14	8
-14	8
-25	12
-38	56
-18	12
-26	20
-14	8
-14	8
-39	26
-83	70
-14	8
-40	34
-16	10
-14	8
-14	8
-14	8
-14	8
-14	8
-14	8
-14	8
-16	10
-14	8
-22	22
-42	36
-14	8
8	10
-14	8
-14	8
-30	10
-14	8
-14	8
-16	10
-102	101
-25	12
-94	74
-21	8
-23	10
-25	36
-68	27
-41	14
-21	8
-14	8
-21	8
-62	56
-14	8
-21	8
-14	8
-14	8
-57	68
-70	57
-23	10
-20	38
-14	8
-44	24
-93	80
-21	8
-16	10
-21	8
-14	8
-21	8
-21	8
-14	8
-14	8
-14	8
-14	8
-21	8
-37	55
-16	10
-14	8
-30	10
-14	8
-14	8
-16	10
-14	8
-14	8
-14	8
-14	8
-14	8
-30	10
-23	10
-14	8
-14	8
-14	8
-23	10
-14	8
-14	8
-14	8
-14	8
-14	8
-16	10
-14	8
-14	8
-14	8
-14	8
-14	8
-14	8
-14	8
-14	8
-14	8
-14	8
-14	8
-16	10
-14	8
-14	8
-14	8
-14	8
-14	8
-14	8
-14	8
-23	10
-14	8
-14	8
-14	8
-14	8
-14	8
-14	8
-14	8
-14	8
-23	10
-14	8
-14	8
-14	8
-38	32
-14	8
-14	8
-16	10
-14	8
-14	8
-14	8
-14	8
-14	8
-14	8
-14	8
-16	10
-14	8
-14	8
-16	10
-15	9
-14	8
-14	8
-14	8
-14	8
-14	8
-14	8
-14	8
-14	8
-14	8
-14	8
-14	8
-14	8
-14	8
-12	12
-14	8
-14	8
-14	8
-14	8
-14	8
-14	8
-18	18
-14	8
-14	8
-14	8
-18	12
-16	10
-14	8
8	10
-14	8
-14	8
-14	8
-14	8
-14	8
-14	8
-14	8
-14	8
-12	12
-14	8
-14	8
-14	8
-14	8
-14	8
-14	8
-14	8
-14	8
-14	8
-14	8
-14	8
-14	8
-15	9
-16	10
-14	8
-14	8
-15	9
-14	8
-14	8
-14	8
-14	8
-14	8
-14	8
-14	8
-30	10
-14	8
-14	8
-14	8
-14	8
-14	8
-14	8
-14	8
-15	9
-14	8
-14	8
-14	8
-16	10
-14	8
-14	8
-14	8
-14	8
-14	8
-14	8
-14	8
-14	8
-14	8
-16	10
-14	8
-14	8
-14	8
-14	8
-11	11
-26	18
-14	8
-14	8
-14	8
-14	8
-14	8
-14	8
-14	8
-16	10
-14	8
-14	8
-16	15
-14	8
-14	8
-14	8
-14	8
-14	8
-14	8
-14	8
-14	8
-14	8
-14	8
-14	8
-14	8
-14	8
-14	8
-14	8
-16	10
-30	10
-14	8
-14	8
-17	11
-48	66
-14	8
-14	8
-14	8
-15	15
-14	8
-15	9
-14	8
-14	8
-14	8
-14	8
-14	8
-50	44
-37	24
-39	26
-23	10
-21	8
-21	8
-23	10
-21	8
-21	8
-21	8
-21	8
-21	8
-7	25
-14	8
-14	8
-16	10
-14	8
-50	44
-14	8
-16	10
-14	8
-14	8
-27	20
-14	8
-14	8
-14	8
-16	10
-14	8
-14	8
-14	8
-16	10
-14	8
-16	10
-14	8
-14	8
-14	8
-14	8
-14	8
-23	10
-14	8
-23	10
-14	8
-14	8
-14	8
-16	10
-14	8
-14	8
-14	8
-14	8
-14	8
-14	8
-14	8
-14	8
-14	8
-14	8
-14	8
-27	45
-16	10
-146	140
-14	8
-14	8
-14	8
-14	8
-25	12
-14	8
-14	8
-14	8
-14	8
-16	10
-14	8
-14	8
-14	8
-14	8
-14	8
-14	8
-14	8
-14	8
-14	8
-14	8
-14	8
-14	8
-14	8
-14	8
-23	10
-22	15
-14	8
-138	132
-14	8
-14	8
-14	8
-14	8
-14	8
-14	8
-16	10
-12	12
-16	10
-14	8
-16	10
-16	10
-14	8
-14	8
-14	8
-14	8
-18	12
-14	8
-14	8
-14	8
-14	8
-14	8
-14	8
-14	8
-14	8
-14	14
-14	8
-14	8
-14	8
-14	8
-16	10
-14	8
-14	8
-14	8
-14	8
-39	12
-14	8
-14	8
-36	15
-14	8
8	10
-14	8
-14	8
-14	8
-14	8
-14	8
-14	8
-14	8
-14	14
-18	18
-14	8
-14	8
-14	8
-15	15
-47	34
-18	12
-14	8
-67	54
-47	58
-23	10
-14	8
-14	8
1	10
-14	8
-14	8
-14	8
-14	8
-14	8
-14	8
-14	8
-14	8
-14	8
-14	8
-14	8
-16	10
-16	10
-14	8
-23	10
-14	8
-14	8
-24	17
-14	8
-14	8
-14	8
-14	8
-14	8
-14	8
-14	8
-14	8
-14	8
-14	8
-14	8
-25	18
-14	8
-14	8
-14	8
-14	8
-14	8
-12	12
-14	8
-14	8
-14	8
-14	8
-23	10
-32	12
-14	8
-14	8
-14	8
-14	8
-14	8
-14	8
-14	8
-14	8
-14	8
-16	10
-14	8
-14	8
-14	8
-14	8
-14	8
-14	8
-16	10
-14	8
-14	8
-14	8
-14	8
-16	10
-30	10
-14	8
-14	8
-16	10
-14	8
-14	8
6	12
-32	12
-16	10
-14	8
-14	8
-14	8
-17	11
-221	215
-14	8
-15	9
-14	8
-32	12
-14	8
-14	8
-14	8
-38	32
-14	8
-16	10
-14	8
-14	8
-14	8
-14	14
-20	13
-14	8
-16	10
-14	8
-14	8
-14	8
-14	8
-14	8
-14	8
-14	8
-14	8
-14	8
-14	8
-54	72
-14	8
-14	8
-30	10
-14	8
-14	8
-16	10
-14	8
-14	8
-14	8
-14	8
-14	8
-46	33
-14	8
-14	8
-16	10
-23	10
-14	8
-14	8
-14	8
-14	8
-14	8
-21	14
-14	8
-105	99
-14	8
-16	10
-38	32
-14	8
-14	8
-14	8
-14	8
-14	8
-14	8
-14	8
-14	8
-14	8
-14	8
-14	8
-16	10
-14	8
-14	8
-14	8
-14	8
-20	20
-14	8
-16	10
-14	8
-14	8
-17	15
-16	10
-88	82
-12	12
-16	10
-14	8
-14	8
-14	8
-14	8
-14	8
-24	18
-14	8
-25	12
-11	11
-37	31
-18	12
-28	22
-16	10
-16	10
-14	8
-14	8
-14	8
-14	8
-21	8
-14	8
-14	8
-32	26
-14	8
-16	10
-14	8
-14	8
-14	8
-20	14
-14	8
-14	8
-14	8
-14	8
-14	8
-24	11
-16	10
-136	130
-14	8
-14	8
-16	10
-14	8
-14	8
-14	8
-14	8
-14	8
-14	8
-14	8
-16	10
-14	8
-14	8
-14	8
-14	8
-16	10
-14	8
-14	8
-18	12
-14	8
-14	8
-16	10
-14	8
-14	8
-16	10
-14	8
-14	8
-14	8
-14	8
-14	8
-14	8
-16	10
-14	8
-14	8
-14	8
-14	8
-14	8
-14	8
-14	8
-14	8
-14	8
-18	12
-14	8
-14	8
-14	8
-14	8
-14	8
-14	8
-15	9
-14	8
-14	8
-14	8
-14	8
-14	8
-14	8
-18	12
-14	8
-14	8
-14	8
-14	8
-14	8
-14	8
-32	17
-14	8
-14	8
-32	12
8	10
-16	10
-15	9
-14	8
-16	10
-14	8
-16	10
-14	8
-14	8
-14	14
-16	10
-14	8
-14	8
-14	8
-14	8
-26	19
-14	8
-14	8
-14	8
-16	10
-14	14
-14	8
-14	8
-14	8
-14	8
-14	8
-22	16
-15	9
-24	17
-14	8
-14	8
-14	8
-14	8
-14	8
-14	8
-16	10
-12	12
-14	8
-14	8
-14	8
-14	8
-14	8
-16	10
-14	8
-14	8
-14	8
-14	8
-14	8
-14	8
-16	10
-14	8
-14	8
-14	8
-14	8
-14	8
-14	8
-14	8
-14	8
-22	15
-14	8
-14	8
-21	14
-14	8
-14	8
-152	170
-14	8
-14	8
-14	8
-14	8
-14	8
-14	8
-14	8
-14	8
-16	10
-179	179
-27	14
-21	8
-88	75
-14	8
-21	8
-14	8
-14	8
-21	8
-14	8
-21	8
-14	8
-14	8
-30	10
-14	8
-16	10
-59	70
-37	24
-25	12
-21	8
1	10
-21	8
-12	30
-21	8
-21	8
-21	8
-21	8
-21	8
-80	91
-20	14
-88	75
-47	34
-21	8
-14	8
-26	20
-36	16
-21	8
-21	8
-21	8
-21	8
-21	8
-21	8
-21	8
-21	8
-21	8
-22	16
-21	8
-14	8
-31	18
-16	10
-16	10
-18	12
-16	10
-14	8
-14	8
-14	8
-25	12
-14	8
-14	8
-14	8
-14	8
-14	8
-14	8
-14	8
-14	8
-14	8
-14	8
-14	8
-14	8
-14	8
-14	8
-41	41
-15	9
-14	8
-14	8
-14	8
-14	8
-14	8
-14	8
-14	8
-14	8
-32	12
-198	192
-34	28
-18	12
-14	8
-14	8
-14	8
-20	14
-16	10
-14	8
8	10
-14	8
-14	8
8	10
-14	8
-14	8
-14	8
-14	8
-23	16
-14	8
-14	8
-14	8
-14	8
-14	8
-30	10
-23	10
-23	10
-14	8
-11	11
-14	8
-53	77
-14	8
-14	8
-14	8
-14	8
-14	8
-16	10
-12	12
-16	10
-12	12
-14	8
-14	8
-14	8
-14	8
-14	8
-43	37
-14	8
-14	8
-16	10
-14	8
-16	10
-14	8
8	10
-14	8
-14	8
-14	8
-14	8
-16	10
-14	8
-14	8
-14	8
-172	171
-21	8
-21	8
-21	8
-21	8
-21	8
-33	13
-16	10
-23	10
-14	8
-21	8
-21	8
-21	8
-21	8
-14	8
-14	8
-21	8
-21	8
-21	8
-14	8
-14	8
-16	10
-16	10
-32	12
-14	8
-14	8
-20	14
-35	53
-16	10
-16	10
-55	42
-14	8
-101	88
-24	18
-14	8
-49	60
-18	12
-40	34
-16	10
-58	76
-37	24
-14	8
-93	78
-169	173
-85	72
-25	12
-21	8
-21	8
-21	8
-21	8
-21	8
-21	8
-14	8
-21	8
-21	8
-21	8
-185	165
-44	31
-21	8
-14	8
-21	8
-21	8
-23	10
-14	8
-16	10
-14	8
-14	8
-16	10
-46	64
-14	8
-40	34
-14	8
-14	8
-14	8
-16	10
-27	20
-14	8
-14	8
-14	8
1	17
-14	8
-14	8
-14	8
-14	8
-14	8
-14	8
-11	11
-16	10
-14	8
-14	8
-14	8
-14	8
-14	8
-14	8
-14	8
-14	8
-14	8
-16	10
-14	8
-14	8
-17	15
-14	8
-14	8
-20	14
-14	8
-23	10
-14	8
-14	8
-14	8
-14	8
-14	8
-14	8
-14	8
-14	8
-14	8
-14	8
-14	8
-14	8
-23	10
-15	9
-21	14
-14	8
-14	8
-14	8
-14	8
-14	8
-16	10
-18	12
-14	8
-14	8
-14	8
-14	8
-14	8
-14	8
-15	9
-14	8
-14	8
-14	8
-16	10
-14	8
-14	8
-14	8
-14	8
-14	8
-14	8
-14	8
-14	8
-14	8
-14	8
-14	8
-14	8
-14	8
-14	8
-14	8
-14	8
-14	8
-14	8
-25	12
-14	8
-14	8
-14	8
-16	10
-14	8
-14	8
-14	8
-14	8
-16	10
-14	8
-24	11
-14	8
-14	8
-14	8
-14	8
-14	8
-14	8
-14	8
-14	8
-16	10
-14	8
-14	8
-14	8
-14	8
-14	8
-15	9
-14	8
-14	8
-23	16
-16	10
-14	8
-14	8
-14	8
-118	112
8	10
-14	8
-14	8
-14	8
-14	8
-15	9
-14	8
-14	8
-14	8
-34	28
-14	8
-16	10
-14	8
-14	8
-14	8
-44	31
-14	8
-14	8
-14	8
-14	8
-14	8
8	10
-14	8
-16	10
-16	10
-16	10
6	12
-14	8
-14	8
-66	60
-20	14
-14	8
-14	8
-14	8
-14	8
-14	8
-14	8
-14	8
-14	8
-14	8
-34	27
-16	10
-14	8
-14	8
-26	44
-14	8
-14	8
-14	8
-14	8
-14	8
-14	8
-14	8
-14	8
-14	8
-14	8
-14	8
-14	8
-14	8
-14	8
-14	8
-14	8
-14	8
-23	10
-26	20
-15	9
-25	12
-14	8
-14	8
-14	8
-14	8
-15	9
-15	9
-17	17
-14	8
-14	8
-14	8
-14	8
-14	8
-14	8
-16	10
-14	8
-23	10
-14	8
-14	8
-14	8
-14	8
-14	8
-16	10
-23	10
-14	8
-14	8
-14	8
-14	8
-14	8
-14	8
-16	10
-14	8
-14	8
-14	8
-14	8
-14	8
-14	8
-14	8
-5	23
-14	8
-14	8
-24	17
-14	8
-14	8
-14	8
-68	68
-14	8
-54	41
-25	12
-23	10
-14	8
-16	10
-16	10
-48	66
-14	8
-16	10
-14	8
-14	8
-14	8
-18	12
-82	82
-33	20
-21	8
-21	8
-14	8
-14	8
-14	8
-10	28
-62	80
-25	12
-16	10
-30	24
-14	8
-56	56
-21	8
-22	16
-170	181
-16	10
-14	8
6	12
-24	24
-16	10
-14	8
-14	8
-14	8
-16	10
-37	24
-72	66
-73	60
-21	8
-75	62
-23	10
-21	8
-18	12
-42	35
-16	10
-23	10
-23	10
-16	10
-14	8
-14	8
-14	8
-16	10
-14	8
8	10
-14	8
-16	10
-36	16
-14	8
-14	8
-16	10
-14	8
-14	8
-14	8
-14	8
-14	8
-14	8
-14	8
-14	8
-14	8
-14	8
-14	8
-14	8
-14	8
-14	8
-15	9
-23	10
-15	9
-14	8
-14	8
-14	8
-20	13
-14	8
-14	8
-14	8
-14	8
-14	8
-14	8
-14	8
-14	8
-14	8
-14	8
-14	8
-14	8
-18	12
-15	9
-14	8
-18	12
-12	12
8	10
-14	8
-14	8
-14	8
-14	8
-14	8
-16	10
-16	10
-60	59
-43	30
-25	12
-23	10
-21	8
-16	10
-33	13
-14	8
-18	12
-78	89
-21	8
-21	8
-21	8
-21	8
-21	8
-21	8
-14	8
-14	8
-28	22
-14	8
-14	8
-68	48
-21	8
-14	8
-14	8
-14	8
-14	8
-14	8
-14	8
-14	8
-16	10
-27	21
-14	8
-14	8
-14	8
-14	8
-14	8
-16	10
-14	8
-14	8
-14	8
-14	8
-14	8
-14	8
-14	8
-14	8
8	10
-14	8
-14	8
-14	8
-14	8
-14	8
-16	10
-14	8
-14	8
-14	8
-14	8
-41	59
-32	43
-14	8
-14	8
-14	8
-14	8
-95	73
-41	28
-55	49
-14	8
-16	10
-18	12
-70	64
-16	10
-14	8
-49	36
-32	26
-80	98
-18	12
-14	8
-14	8
-14	8
-14	8
-14	8
-14	8
-16	10
-16	10
-14	8
-14	8
-14	8
-14	8
-14	8
-76	94
-14	8
-16	10
-14	8
-14	8
-14	8
-25	12
-14	8
-14	8
-14	8
-14	8
-14	8
-19	13
-38	32
-64	58
-14	8
-14	8
8	10
-14	8
-14	8
-14	8
-14	8
-14	8
-14	8
-14	8
-14	8
-12	12
-14	8
-16	10
-14	8
-16	10
-14	8
-14	8
-16	10
-14	8
-14	8
-18	12
-14	8
-14	8
-14	8
-14	8
-14	8
-14	8
-25	12
-14	8
-14	8
-14	8
-14	8
-14	8
-18	18
-14	8
-14	8
-14	8
-14	8
-14	8
-14	8
-16	10
-14	8
-14	8
-14	8
-16	10
-30	48
-14	8
6	12
-14	8
-30	10
-14	8
-20	14
-14	8
-16	10
-14	8
-63	50
-32	12
-16	10
-51	62
-14	8
-56	50
-22	16
-77	64
-21	8
-30	10
-14	8
-21	8
-21	8
-77	95
-23	10
-31	18
-18	12
-16	10
-47	34
-18	12
-14	8
-18	12
-29	16
-21	8
-21	8
-21	8
-21	8
-21	8
-21	8
-21	8
-25	12
-21	8
-25	12
-75	86
-14	8
-277	295
-14	8
-98	92
-56	50
-192	196
-10	28
-14	8
-21	8
-21	8
-16	10
-14	8
-46	12
-23	10
-21	8
-14	8
-28	22
-16	10
-14	8
-25	12
-14	8
-25	12
-60	40
-47	34
-21	8
-23	10
-21	8
-14	8
-14	8
-16	10
-16	10
-14	8
-14	8
-14	8
-14	8
-14	8
-14	8
-175	193
-14	8
-14	8
-14	8
-14	8
-14	8
-14	8
-16	10
-14	8
-14	8
-23	10
-14	8
-14	8
-14	8
-14	8
-23	10
-14	8
-14	8
-11	11
-28	46
-13	13
-14	8
-14	8
-14	8
-14	8
-14	8
-121	121
-16	10
-23	10
-21	8
-21	8
-21	8
-21	8
-23	10
-21	8
-21	8
-14	8
-14	8
1	10
-14	8
-21	8
-14	8
-23	10
-23	10
-14	8
-21	8
-14	8
-16	10
-14	8
-14	8
-14	8
-16	10
-67	54
-22	16
-14	8
-16	10
-16	10
-20	14
-18	12
-36	30
-26	20
-112	106
-55	42
2	16
-89	100
-21	8
-21	8
-21	8
-14	8
-114	94
-27	14
-21	8
-14	8
-21	8
-21	8
-23	10
-21	8
-21	8
-21	8
8	10
-23	10
-14	8
-14	8
-30	10
-109	96
-16	10
-16	10
-14	8
-16	10
-14	8
-14	8
-14	8
-14	8
-14	8
-14	8
-14	8
-33	27
-14	8
-14	8
-14	8
-14	8
-20	13
-14	8
-14	8
-14	8
-14	8
-14	8
-14	8
-14	8
-14	8
-14	8
-32	12
-14	8
-14	8
-14	8
-14	8
-14	8
-14	8
-14	8
-14	8
-16	10
-23	10
-14	8
-14	8
-14	8
-14	8
-29	9
-14	8
-14	8
-14	8
-14	8
-14	8
-14	8
-14	8
-16	10
-14	8
-16	10
-14	8
-14	8
-14	8
-29	9
-14	8
-14	8
-16	10
-25	12
-14	8
-14	8
-14	8
-23	34
-14	8
-14	8
-16	10
-14	8
-14	8
-44	38
-14	8
-14	8
-14	8
-16	10
-14	8
-14	8
-16	10
-53	47
-14	8
-14	8
-14	8
-14	8
-14	8
-14	8
-14	8
-14	8
-14	8
-14	8
-14	8
-14	8
-14	8
-50	44
-14	8
-16	10
-14	8
-16	10
-14	8
-14	8
-14	8
-14	8
-14	8
-17	11
8	10
-14	8
-14	8
-14	8
-14	8
-14	8
-15	9
-14	8
-15	15
-14	8
-14	8
-15	9
-14	8
-14	8
-14	8
-14	8
-14	8
-14	8
-17	35
-14	8
-14	8
-14	8
-14	8
-16	10
-14	8
-14	8
-76	70
-24	18
-39	26
-13	24
-28	22
-14	8
-53	40
-29	16
-21	8
-14	8
-14	8
-16	10
-33	20
-42	36
-29	16
-53	40
-21	8
-18	12
-21	8
-14	8
-21	8
-21	8
-23	10
-21	8
-14	8
-23	10
-21	8
-54	48
-12	30
-14	8
-25	12
-20	14
-39	26
-16	10
-76	56
-21	8
-23	10
-21	8
-21	8
-23	10
-24	18
-49	29
-14	8
-16	10
-14	8
-18	12
-34	28
-28	22
4	14
-101	119
-14	8
-14	8
-14	8
-14	8
-14	8
-14	8
-14	8
-14	8
-14	8
-14	8
-14	8
-14	8
-26	20
-14	8
-14	8
-16	10
-21	21
-16	10
-14	8
-14	8
-14	8
-16	10
-16	10
-23	10
-14	8
-14	8
-14	8
-25	25
-14	8
-14	8
-14	8
-23	10
-14	8
-14	8
-14	8
-14	8
-14	8
-14	8
-14	8
-14	8
-14	8
-14	8
-30	24
-14	8
-14	8
-14	8
-14	8
-14	8
-14	8
-14	8
-16	10
-14	8
-14	8
-16	10
-14	8
-11	22
-22	16
-14	8
-14	8
-273	273
-30	10
-86	72
-47	34
-39	26
-21	8
-21	8
-14	8
-21	8
-87	46
-14	8
-14	8
-21	8
-15	9
-51	38
-28	22
-14	8
-23	10
-21	8
-21	8
-14	8
-14	8
-21	8
-16	10
-14	8
-16	10
-4	22
-103	114
-25	12
-14	8
-65	62
-14	8
-16	10
-16	10
-14	8
-25	12
-18	12
-16	10
-14	8
-30	10
-14	8
-75	62
-16	10
-14	8
-50	44
-50	44
-16	10
-16	10
-81	68
-39	26
-21	8
-21	8
-21	8
-21	8
-21	8
-21	8
-21	8
-14	8
-14	8
-21	8
-40	34
-31	18
-32	50
-307	311
-14	8
-14	8
-14	8
-14	8
-14	8
-14	8
-14	8
-23	10
-14	8
-14	8
-14	8
-14	8
-14	8
-14	8
-14	8
-14	8
-14	8
-14	8
-14	8
-14	8
-14	8
8	10
-14	8
-14	8
-28	21
-16	10
-14	8
-14	8
-14	8
-14	8
-14	8
-16	10
-23	10
-14	8
-14	8
-14	8
-14	8
-103	97
-14	8
-14	8
-14	8
-16	10
-14	8
-14	8
-24	11
-14	8
-12	12
-14	8
-14	8
-14	8
-14	8
-14	8
-14	8
-14	8
-14	8
-14	8
-14	8
-14	8
-14	8
-14	8
-14	8
-14	8
-75	93
-14	8
-14	8
-14	8
-14	8
-14	8
-14	8
-15	9
-14	8
-23	10
-14	8
-15	9
-14	8
-143	137
-14	8
-15	9
-26	20
-14	8
-14	8
-14	8
-14	8
-14	8
-23	10
-14	8
-14	8
-14	8
-14	8
-14	8
-14	8
-16	10
-16	10
-14	8
-14	8
-15	9
-14	8
-14	8
-64	58
-14	8
-16	10
-14	8
-14	8
-14	8
-14	8
-16	10
-14	8
-14	8
-16	10
-24	11
-14	8
-14	8
-12	12
-14	8
-14	8
-16	10
-16	10
-14	8
-14	8
-14	8
-14	8
-14	8
-14	8
-14	8
-14	8
-14	8
-14	8
-14	8
-14	8
-14	8
-20	13
-14	8
-14	8
-14	8
-14	8
-14	8
-18	12
-14	8
-14	8
-14	8
-14	8
8	10
-14	8
-14	8
-14	8
-25	12
-14	8
-14	8
-25	19
-14	8
-30	10
-14	8
-14	8
-14	8
-18	12
-16	10
-14	8
-14	8
-14	8
-14	8
-14	8
-14	8
-16	10
-14	8
-14	8
-14	8
-14	8
-14	8
-14	8
-27	24
-14	8
-14	8
-12	12
-14	8
-14	8
-14	8
-14	8
-14	8
-14	8
-14	8
-28	22
-53	40
-15	9
-36	30
-257	244
-14	8
-16	10
-16	10
-14	8
-14	8
-14	8
8	10
-15	9
-14	8
-14	8
-14	8
-14	8
-14	8
-14	8
-14	8
-16	10
-21	39
-14	8
-14	8
3	15
-14	8
-46	40
-15	9
-15	9
-79	66
-82	62
-21	8
-21	8
-21	8
-14	8
-21	8
-21	8
-14	8
-14	8
-23	10
-14	8
-14	8
-18	12
-32	50
-26	20
-224	228
-25	12
-38	32
-16	10
-16	10
-16	10
-20	14
-74	40
-14	8
-21	8
-23	10
8	10
-16	10
-25	12
-33	20
-14	8
-47	40
-14	8
-14	8
-14	8
-29	22
-14	8
-18	12
-14	8
-14	8
-14	8
-14	8
-14	8
-14	8
-14	8
-96	90
-14	8
-14	8
-14	8
-14	8
-14	8
-14	8
-16	10
-16	10
-14	8
-14	8
-14	8
-14	8
-14	8
-20	13
-5	16
-14	8
-14	8
-14	8
-14	8
-14	8
-14	8
-20	20
-14	8
-14	8
-14	8
-14	8
-14	8
-14	8
-14	8
-14	8
-14	8
-14	8
-16	10
-72	66
-14	8
-14	8
-14	8
-14	8
-14	8
-14	8
-16	10
-21	21
-14	8
-14	8
8	10
-14	8
-14	8
-14	8
-14	8
-14	8
-14	8
-17	35
-14	8
-23	10
-14	8
-14	8
-14	8
-14	8
-14	8
-136	136
-17	28
-21	8
-49	22
-14	8
-14	8
-16	10
-18	12
-14	8
-20	14
-65	76
-102	75
-29	16
-102	120
-29	16
-14	8
-14	8
-14	8
-14	8
-14	8
-14	8
-14	8
-14	8
-16	10
-37	37
-21	8
-47	34
-25	12
-23	10
-21	8
-78	63
-21	8
-37	10
-14	8
-21	8
-42	60
-16	10
-23	10
-14	8
-84	78
-19	30
-23	10
-21	8
-21	8
-21	8
-92	72
-52	32
-36	16
-23	10
-21	8
-16	10
-21	8
-14	8
-21	8
-14	8
-30	10
-21	8
-14	8
-30	10
-12	30
-14	8
-14	8
-28	22
-16	10
-14	8
-68	62
-31	18
-86	80
-32	26
-5	16
-23	10
-14	8
-14	8
-14	8
-14	8
-14	8
-14	8
-30	10
-14	8
-236	254
-28	22
-14	8
-29	16
-27	14
-33	20
-14	8
-23	10
-44	38
-21	8
-14	8
-21	8
-21	8
-21	8
-14	8
-14	8
-21	8
-14	8
-14	8
-21	8
-14	8
-14	8
-14	8
-14	8
-14	8
-14	8
-70	64
-48	42
-97	91
-14	8
-14	8
-14	8
-18	12
-14	8
-8	26
-14	8
-14	8
-14	8
-23	23
-14	8
-14	8
-14	8
-16	10
-155	155
-37	24
-14	8
-14	8
-21	8
-23	10
-23	10
-21	8
-18	12
-21	8
-21	8
-14	8
-65	52
-57	68
-21	8
-21	8
-23	10
-14	8
-21	8
-21	8
-14	8
-23	10
-14	8
-83	101
-39	26
-20	14
-18	12
-57	44
-16	34
-24	18
-23	10
-38	32
-94	81
-69	56
-21	8
-21	8
-14	8
-23	10
-21	8
-21	8
-14	8
-14	8
-21	8
-14	8
-21	8
-21	8
-21	8
-14	8
-14	8
-16	10
-14	8
-20	14
-55	42
-52	46
-25	12
-39	26
-14	8
-14	8
-21	8
-14	8
-14	8
-14	8
-14	8
-16	10
-14	8
-14	8
-14	8
-14	8
-14	8
-14	8
-14	8
-14	8
-15	9
-14	8
-14	8
-14	8
-14	8
-14	8
-14	8
-14	8
-6	24
-14	8
-14	8
8	10
-14	8
-14	8
-14	8
-14	8
-18	12
-14	8
-16	10
-14	8
-14	8
-14	14
-14	8
8	10
-14	8
-14	8
-14	8
-15	15
-14	8
-14	8
-13	13
-14	8
-14	8
-106	100
-25	12
-32	26
-58	52
-112	92
-16	10
-16	10
-14	8
-25	12
-18	12
-23	10
-14	8
-16	10
-14	8
-16	10
-14	8
-51	38
-8	26
-21	8
-14	8
-23	10
-21	8
-14	8
-21	8
-14	8
-102	113
-78	72
-21	8
-36	16
-62	56
-21	8
-14	8
-21	8
-21	8
-21	8
-21	8
-14	8
-21	8
-16	10
-23	10
-14	8
-14	8
-14	8
-16	10
-50	68
-56	50
-14	32
-14	8
-20	14
-14	8
-14	8
-16	10
-21	8
-28	22
-14	8
-14	8
-12	12
-14	8
-14	8
-14	8
-14	8
-14	8
-23	10
-14	8
-14	8
-14	8
-14	8
-17	17
-14	8
-14	8
-16	10
-14	8
-14	8
-45	38
-14	8
-14	8
-14	8
-14	8
-14	8
-14	8
-14	8
-14	8
-14	8
-14	8
-14	8
-14	8
-14	8
-14	8
-14	8
-16	10
-18	12
-38	32
-45	56
-35	22
-73	60
-153	140
-25	12
-72	52
-55	42
-21	8
-21	8
-21	8
-21	8
-21	8
-21	8
-56	29
-26	20
-14	8
-21	8
-30	10
-56	36
-18	12
-14	8
-21	8
-14	8
-21	8
-21	8
-14	8
-14	8
-14	8
-14	8
-48	35
-18	12
-133	151
-14	8
-14	8
-14	8
-14	8
-22	22
-21	8
-16	10
8	10
-14	8
-14	8
-14	8
-14	8
-40	34
-175	175
-21	8
-21	8
-25	12
-21	8
-21	8
-14	8
-23	10
-14	8
-14	8
-34	14
-14	8
-22	16
-14	8
-16	10
-74	92
-32	26
-55	66
-49	36
-23	10
-14	8
-31	18
-29	16
-33	20
-40	34
-31	18
-83	70
-4	22
-62	56
-45	32
-34	45
-21	8
-21	8
-14	8
-30	10
-14	8
-14	8
-14	8
-16	10
-32	12
-14	8
-33	19
-58	52
-41	28
-25	12
-18	12
-22	16
-14	8
-14	8
-14	8
-14	8
-16	10
-14	8
-16	10
-14	8
-116	103
-18	12
-22	16
-28	22
-73	60
-68	62
-241	252
-30	10
-21	8
-21	8
-23	10
-21	8
-21	8
-21	8
-23	10
-21	8
-23	10
-23	10
-21	8
-21	8
-14	8
-14	8
-14	8
-14	8
-14	8
-74	68
-18	12
-16	10
-64	58
-14	8
-14	8
-10	28
-14	8
-14	8
-14	8
-15	15
-14	8
-16	10
-14	8
-14	8
-14	8
-43	30
-43	30
-16	10
-16	10
-22	16
-21	8
-21	8
-14	8
-16	10
-14	8
-84	102
-96	100
-33	20
-24	18
-14	8
-115	98
-14	8
-16	10
-61	48
-45	56
-38	32
-39	26
-14	8
-21	8
-21	8
-21	8
-21	8
-21	8
1	10
-23	10
8	10
-30	10
-50	23
-18	12
-20	38
-14	8
-37	24
-21	8
-45	32
-6	17
-23	10
-21	8
-14	8
-14	8
-28	22
-14	8
-14	8
-16	10
-16	10
-14	8
-14	8
-14	8
-14	8
-16	10
-23	10
-14	8
-14	8
-14	8
-14	8
-14	8
-14	8
-22	22
-14	8
-14	8
-30	10
-14	8
-30	23
-14	8
-14	8
-14	8
-14	8
-14	8
-14	8
-14	8
-14	8
-14	8
-14	8
-14	8
-16	10
-14	8
-14	8
-24	18
-30	10
-32	12
-14	8
-14	8
-14	8
-14	8
-18	12
-14	8
-14	8
-14	8
-14	8
-16	10
-14	8
-21	8
-14	8
-14	8
-14	8
-14	8
-14	8
-14	8
-14	8
-14	8
-14	8
-14	8
-16	10
-16	10
-14	8
-14	8
-14	8
-14	8
-14	8
-14	8
-15	9
-16	10
-15	9
-14	8
-14	8
-26	44
-14	8
-14	8
-14	8
-21	8
-14	8
-14	8
-14	8
-14	8
-14	8
-70	69
-93	104
-42	36
-29	16
-21	8
8	10
-21	8
-21	8
-21	8
-21	8
-21	8
-14	8
-36	30
-14	8
-16	10
-50	44
-30	24
-25	12
-18	12
-126	113
-21	8
-21	8
-23	10
-21	8
-88	99
-68	72
-21	8
-21	8
-21	8
8	10
-18	12
-26	20
-49	36
-21	8
-14	8
-14	8
-21	8
-21	8
-21	8
-14	8
-21	8
-23	10
-44	38
-24	18
-168	179
-14	8
-14	8
-14	8
-14	8
-14	8
-14	8
-14	8
-14	8
-14	8
-14	8
-22	15
-14	8
-14	8
-14	8
-14	8
-14	8
-32	50
-14	8
-14	8
-14	8
-14	8
-14	8
-14	8
-14	8
-16	10
-16	10
-14	8
-14	8
-14	8
-14	8
4	14
-14	8
-14	8
-14	8
-16	10
-14	8
-14	8
-14	8
-13	13
-78	72
-16	10
-14	8
-14	8
-78	58
-186	197
-21	8
-21	8
-21	8
-16	10
-21	8
-21	8
-30	10
-21	8
-16	10
-14	8
-14	8
-14	8
-14	8
-96	76
-16	10
-71	44
-48	42
4	14
-14	8
-18	12
-5	16
-16	10
-14	8
-21	8
1	10
-14	8
-21	8
-14	8
-39	12
-99	72
-23	10
-25	12
-21	8
-23	10
-21	8
-21	8
-21	8
-16	10
-95	68
-21	8
-25	12
-21	8
-21	8
-14	8
-121	132
-24	42
-21	8
-21	8
-21	8
-21	8
-21	8
-14	8
-14	8
8	10
-21	8
-14	8
-16	10
-21	8
-50	44
-26	20
-25	12
-50	30
-16	10
-14	8
-29	16
-14	8
-14	8
-21	8
-21	8
-14	8
-14	8
-14	8
-14	8
-14	8
-14	8
-20	14
-25	36
-16	10
-78	72
-14	8
-14	8
-14	8
-14	8
8	10
-14	8
-109	120
-21	8
-14	8
-21	8
-16	10
-14	8
-16	10
-14	8
-2	20
-42	60
-25	12
-27	14
-31	18
-21	8
-23	10
-36	30
-16	10
-21	8
-14	8
-21	8
-14	8
-14	8
-14	8
-14	8
-14	8
-14	8
-14	8
-14	8
-78	72
-133	144
-33	20
-47	58
-14	8
-23	10
-14	8
-35	22
-23	10
-21	8
-21	8
-21	8
-21	8
-21	8
-25	12
-23	10
-14	8
-16	10
-24	18
-48	28
-18	12
-28	46
-22	33
-23	10
-43	30
-18	36
-14	8
-14	8
-14	8
-21	8
-21	8
1	10
-21	8
-21	8
-16	10
-14	8
-14	8
-14	8
-14	8
-16	10
-14	8
-14	8
3	15
-14	8
-14	8
-14	8
-14	8
-14	8
-27	27
-23	15
-14	8
-14	8
-14	8
-14	8
-14	8
-16	10
-14	8
-16	10
-14	8
-14	8
-14	8
-14	8
-16	10
-14	8
-14	8
-14	8
-14	8
-14	8
-14	8
-14	8
-14	8
-14	8
-14	8
-14	8
-14	8
-14	8
-14	8
-14	8
-14	8
-14	8
-14	8
-14	8
-14	8
-14	8
-14	8
-14	8
-14	8
-23	10
-16	10
-14	8
-14	8
-17	17
-14	8
-30	10
-16	16
-16	10
-14	8
-14	8
-14	8
-14	8
-15	9
-14	8
-14	8
-14	8
-14	8
-14	8
-14	8
-16	10
-14	8
-14	8
-14	8
-14	8
-14	8
-23	10
-14	8
-14	8
-14	8
-14	8
-23	10
-14	8
-14	8
-14	8
-14	8
-14	8
-14	8
-16	10
-16	10
-14	8
-14	8
-16	10
-14	8
-16	10
-14	8
-14	8
-14	8
-17	17
-14	8
-14	8
-14	8
-11	11
-14	8
-14	8
-14	8
-14	8
-14	8
-14	8
-14	8
-14	8
-16	10
-14	8
-15	9
-23	10
-16	10
-14	8
-32	12
-14	8
-23	10
-14	8
-14	8
-14	8
-14	8
-14	8
-14	8
-14	8
-14	8
-50	44
-14	8
-25	12
-14	8
-14	8
-14	8
-14	8
-14	8
-14	8
-14	8
-14	14
-14	8
-14	8
-23	10
-14	8
-57	51
-14	8
-14	8
-14	8
-14	8
-14	8
-14	8
-16	10
-14	8
-14	8
-14	8
-14	8
-14	8
-14	8
-14	8
-14	8
-23	10
-14	8
-14	8
-14	8
-14	8
-14	8
-16	10
-14	8
-11	11
-14	8
-14	8
-14	8
-14	8
-14	8
-16	10
-14	8
-14	8
-14	8
-14	8
-14	8
-38	32
-14	8
-14	8
-14	8
-14	8
-16	10
-16	10
-14	8
-14	8
-14	8
-16	10
-15	9
-23	10
-14	8
-14	8
-14	8
-14	8
-14	8
-16	10
-14	8
-14	8
-14	8
-14	8
-14	8
-14	8
-16	10
-14	8
-149	143
-16	10
-14	8
6	12
-14	8
-14	8
-14	8
-14	8
-14	8
-14	8
-14	8
-14	8
-14	8
-14	8
-16	10
-14	8
-14	8
-14	8
-14	8
-14	8
-14	8
-14	8
-14	8
-15	9
-30	10
-14	8
-14	8
-14	8
-14	8
-14	8
-14	8
-14	8
-20	13
-16	10
-14	8
-14	8
-16	10
-14	8
-14	8
-14	8
-14	8
-23	10
-30	10
-16	10
-16	10
-14	8
-14	8
-14	8
-14	8
-14	8
-14	8
-14	8
-14	8
-14	8
-14	8
-14	8
-23	10
-14	8
-14	8
-14	8
-16	10
-14	8
-14	8
-23	10
-14	8
-14	8
-14	8
-14	14
-14	8
-14	8
-14	8
-14	8
-14	8
-14	8
-14	8
-14	8
-14	8
-14	8
-14	8
-14	8
-14	8
-14	8
-14	8
-14	8
-16	10
-16	10
-14	8
-14	8
-14	8
-16	10
-18	12
-14	8
-14	8
-23	10
-14	8
-18	12
-14	8
-15	9
-14	8
-14	8
-14	8
-14	8
-14	8
-14	8
-16	10
-14	8
-14	8
-14	8
8	10
-19	13
-14	8
-14	8
-14	8
-14	8
-14	8
-16	10
-27	14
-54	48
-33	20
-51	38
-23	10
-14	8
-22	26
-21	8
-21	8
-21	8
-21	8
-21	8
-16	10
-14	8
-14	8
-14	8
-14	8
6	12
-22	16
-20	14
-128	132
-21	8
-14	8
-23	10
-21	8
1	10
-25	12
-14	8
-21	8
-14	8
-14	8
-14	8
-14	8
-45	32
-48	42
-22	16
-59	70
-21	8
-21	8
-21	8
-23	10
-21	8
-14	8
-21	8
-21	8
-21	8
-14	8
-161	155
-5	16
-25	12
-48	42
-28	22
-14	8
-16	10
-14	8
-67	67
-14	8
-14	8
-16	10
-14	8
-14	8
-14	8
-14	8
-14	8
-16	10
-14	8
-14	8
-14	8
-19	19
-14	8
-53	40
-14	8
-14	8
-14	8
-18	12
-14	8
-14	8
-14	8
-14	8
-14	8
-14	8
-16	10
-14	8
-14	8
-16	10
-14	8
-14	14
-14	8
-14	8
-14	8
-14	8
-20	14
-34	28
-14	8
-18	12
-14	8
-14	8
-14	8
-14	8
-14	8
-14	8
-14	8
-11	11
-16	10
-14	8
-15	9
-14	8
-14	8
-14	8
-14	8
-16	10
-15	9
-14	8
-32	12
-14	8
-14	8
-14	8
-14	8
-14	8
-14	8
-14	8
8	10
-14	8
-14	8
-14	8
-14	8
-14	8
-14	8
-14	8
-14	8
-62	56
-30	24
-23	10
-21	8
-25	12
-21	8
-21	8
-37	31
-33	20
1	10
-32	12
-21	8
-16	10
-21	8
-21	8
-30	10
-27	14
-50	44
-14	8
-16	10
-14	8
-70	64
-23	10
-16	10
-21	8
-57	44
-28	22
-27	14
-21	8
-33	20
-37	34
-53	26
-21	8
-21	8
-21	8
-16	10
-1	12
-7	18
-14	8
-23	10
-14	8
-72	66
-59	46
-29	16
-21	32
-21	8
-21	8
-25	12
-21	8
-21	8
1	10
-14	8
-14	8
-14	8
-21	8
-14	8
-8	12
-14	8
-21	8
-14	8
-14	8
-22	22
-23	10
-14	8
-14	8
-14	8
-14	14
-14	8
-14	8
-23	10
-14	8
-14	8
-23	10
-14	8
-14	8
-14	8
-14	8
-14	8
-14	8
-16	10
-14	8
-14	8
-16	10
-14	8
-14	8
8	10
-14	8
-14	8
-14	8
-14	8
-16	10
-14	8
-14	8
-14	8
-28	22
-25	12
-21	8
-14	8
-18	12
-39	26
6	12
-29	40
-23	10
-21	8
-21	8
-14	8
8	10
-53	40
-103	76
-60	54
-40	34
-14	8
-21	8
-14	8
-21	8
-14	8
-21	8
-14	8
-21	8
1	10
-21	8
-14	8
-14	8
-21	8
-14	8
-16	10
-14	8
-91	78
-76	94
-14	8
-27	38
-21	8
-21	8
-21	8
-14	8
-21	8
-30	10
-14	8
-14	8
-16	10
-14	8
-14	8
-14	8
-14	8
-14	8
-14	8
-14	8
-14	8
-14	8
-14	8
-30	10
-16	10
-14	8
-14	8
-14	8
-20	14
-14	8
-14	8
-14	8
-14	8
-39	50
-14	8
-14	8
-14	8
-14	8
-14	8
-16	10
-14	8
-14	8
-14	8
-27	19
-16	10
-14	8
-14	8
-14	8
-14	8
-14	8
-14	8
-14	8
-14	8
-30	10
-14	8
-16	10
-14	8
-14	8
-14	8
-14	8
-16	10
-14	8
-14	8
-14	8
-14	8
-14	8
-23	10
-14	8
-14	8
-14	8
-14	8
-14	8
-14	8
-14	8
-15	9
-14	8
-14	8
-77	71
-20	20
-14	8
-14	8
-16	10
-14	8
-14	8
-14	8
-16	10
-14	8
-14	8
-14	8
-16	10
-14	8
-14	8
-14	8
-14	8
-16	10
-14	8
-14	8
-16	10
-14	8
-14	8
-14	8
-14	8
-16	10
-14	8
-14	8
-16	10
-30	10
-14	8
8	10
-14	8
-14	8
-16	10
-14	8
-14	8
-14	8
-36	29
-14	8
-14	8
-14	8
-14	8
-14	8
-14	8
-16	10
-14	8
-16	10
-14	8
-14	8
-14	8
-14	8
-16	10
-16	10
-16	10
-14	8
-14	8
-14	8
-14	8
-14	8
-14	8
-14	8
-14	8
-14	8
-14	8
-14	8
-14	8
-23	16
-34	14
-14	8
-14	8
-14	8
-49	43
-14	8
-16	10
-14	8
-14	8
-23	10
-11	11
-14	8
-14	8
-23	10
-15	9
-14	8
-14	8
-16	10
-14	8
-14	8
-14	8
-14	8
-14	8
-14	8
-14	8
-14	8
-14	8
-14	8
-14	8
-14	8
-14	8
-14	8
-14	8
-14	8
-74	68
-14	8
-14	8
-16	10
-23	16
-14	8
-14	8
-16	10
-16	10
-14	8
-14	8
-14	8
-14	8
-15	9
-14	8
-14	8
-14	8
-14	8
-14	8
-14	8
-16	10
-14	8
-14	8
-16	10
-14	8
-15	9
-16	10
-30	10
-16	10
-14	8
-16	10
-14	8
-14	8
-14	8
-16	10
-14	8
3	21
-16	10
-22	15
8	10
-16	10
-54	48
-91	78
-51	38
-33	20
-57	75
-16	10
-14	8
-14	8
-15	9
-14	8
-21	8
-21	8
-21	8
-16	10
-14	8
-14	8
-14	8
-14	8
-14	8
-16	10
-14	8
-14	8
-11	11
-14	8
-14	8
7	11
-14	8
-14	8
-14	8
-14	8
-14	8
-14	8
-16	10
-14	8
-14	8
-16	10
-14	8
-14	8
-36	30
-14	8
-14	8
-14	8
-14	8
-14	8
-14	8
-14	8
-14	8
-14	8
-14	8
-16	10
-14	8
-14	8
-14	8
-14	8
-14	8
-14	8
-23	10
-16	10
-14	8
-14	8
-14	8
-14	8
-14	8
-14	8
-14	8
-14	8
-14	8
-14	8
-14	8
-14	8
-14	8
-32	12
-14	8
-14	8
-14	8
8	10
-23	10
-14	8
-22	15
-14	8
-25	12
-14	8
-14	8
-14	8
-16	10
-14	8
-14	8
-14	8
-14	8
-16	10
-14	8
-14	8
-12	12
-14	8
-30	10
-14	8
-14	8
-14	8
-14	8
-14	8
-14	8
-14	8
-16	10
-14	8
-14	8
-14	8
-16	10
-14	8
-14	8
-14	8
-22	22
-14	8
-14	8
-14	8
-18	17
-14	8
-14	8
-14	8
-14	8
-31	25
-24	17
-14	13
-12	12
-14	8
-14	8
-14	8
-14	8
-14	8
-16	10
-14	8
-14	8
-14	8
-59	53
-14	8
-16	10
-14	8
-14	8
-14	8
-14	8
-16	10
-14	8
-16	10
-16	10
-16	10
-14	8
-14	8
-14	8
-14	8
-14	8
-14	8
-14	8
-14	8
-14	8
-14	8
-14	8
-11	11
-48	66
-14	8
-7	25
-14	8
-14	8
-14	8
-16	10
-14	8
-18	12
-43	36
-18	12
-88	54
-18	12
-21	8
-21	8
-21	8
-20	14
-21	8
-21	8
-25	12
-21	8
-21	8
-28	22
-21	8
-14	8
-21	8
-14	8
-90	89
-35	22
-21	8
-21	8
-18	12
-23	10
-14	8
-27	14
-37	24
-21	8
-14	8
-14	8
-51	38
-43	30
-29	16
-21	8
-21	8
-14	8
-14	8
-14	8
6	12
-142	129
-21	8
-14	8
-76	56
-14	8
-30	10
-14	8
-14	8
-14	8
-22	16
-14	8
-14	8
-14	8
-14	8
-14	8
-14	8
-14	8
-14	8
-14	8
-14	8
-14	8
-16	10
-14	8
-14	8
-14	8
-14	8
-14	8
-14	8
-14	8
-14	8
-14	8
-14	8
8	10
-14	8
-14	8
-14	8
-14	8
-16	10
-14	8
-30	10
-16	10
-15	9
-14	8
-14	8
-14	8
-14	8
-14	8
-14	8
-14	8
-15	15
-16	10
-14	8
-14	8
-14	8
-1	12
-14	8
-14	8
-14	8
-14	8
-23	10
-14	8
-14	8
-14	8
-44	38
-50	44
-21	8
-30	10
-21	8
-23	10
-16	10
-54	27
-23	10
-21	8
-14	8
-18	12
-14	8
-20	14
2	16
-29	16
-21	8
-21	8
1	10
-21	8
-14	8
-14	8
-14	8
-14	8
-14	8
-14	8
-14	8
-14	8
-14	8
-14	8
-14	8
-16	10
-14	8
-14	8
-14	8
-14	8
-14	8
-14	8
8	10
-14	8
-14	8
-14	8
-14	8
-14	8
-14	8
-14	8
-14	8
-14	8
-14	8
-14	8
-12	12
-14	8
-14	8
-14	8
-14	8
-23	10
-14	8
-14	8
-14	8
-14	8
-14	8
-14	8
-14	8
-14	8
-14	8
-42	21
-14	8
-23	10
-14	8
-14	8
-14	8
-14	8
-14	8
-14	8
-14	8
-14	8
-14	8
-16	10
-14	8
-14	8
-14	8
-39	12
-15	9
-14	8
-14	8
-23	10
-14	8
-11	11
-14	8
-14	8
-16	10
-14	8
-14	8
-14	8
-14	8
-14	8
-14	8
-14	8
-14	8
8	10
-14	8
-14	8
-14	8
-14	8
-38	56
-16	10
-14	8
-14	8
-14	8
-14	8
-14	8
-14	8
-14	8
-14	8
-14	8
-14	8
-16	10
-14	8
-14	8
-16	10
-16	10
-14	8
-14	8
-14	8
-14	8
-14	8
-14	8
-14	8
-20	13
-46	40
-14	8
-14	8
-20	13
-14	8
-14	8
-14	8
-14	8
-14	8
-65	52
-27	14
-56	50
-14	8
-33	27
-43	30
-23	10
-21	8
-21	8
-23	10
-23	10
-23	10
-14	8
-14	8
-14	8
-33	20
-21	39
-14	8
-47	34
-25	12
-21	8
-16	10
-37	10
-16	10
-16	10
-14	8
-64	58
-14	8
-14	8
-14	8
-14	8
-14	8
-3	14
-14	8
-14	8
-14	8
-14	8
-14	8
-30	10
-14	8
-14	8
-14	8
-14	8
-115	95
-33	20
-23	10
-23	10
-18	12
-18	12
-51	37
-21	8
-14	8
-40	51
-37	10
-21	8
-23	10
-23	10
-21	8
-21	8
-21	8
-21	8
-23	10
-14	8
-21	8
-83	70
-21	8
-27	14
-21	8
-14	8
-14	8
-21	8
-14	8
-33	20
-14	8
-21	8
-21	8
-14	8
-14	8
-14	8
-69	63
-20	14
-28	22
-58	52
-53	64
-18	36
-14	8
-20	14
-14	8
-14	8
-52	18
-25	12
-14	8
-14	8
-14	8
-80	80
-14	8
-14	8
-14	8
-24	24
-14	8
-14	8
-16	10
-14	8
-25	12
-18	12
-14	8
-29	23
-8	8
-14	8
-14	8
-14	8
-14	8
-24	17
-14	8
-14	8
-14	8
-14	8
-14	8
-14	8
-14	8
-14	8
7	11
-14	8
-14	8
-14	8
-15	9
-14	8
-14	8
-14	8
-14	8
-20	14
-16	10
-14	8
-14	8
-14	8
-14	8
-14	8
-57	75
-14	8
-14	8
-14	8
-14	8
-14	8
-14	8
-14	8
-14	8
-14	8
-17	35
-30	10
-14	8
-23	10
-14	8
-30	10
-14	8
-14	8
-16	10
-66	60
-23	10
-21	8
-14	8
-21	8
-21	8
-30	10
-21	8
-21	8
-21	8
-21	8
-142	122
-62	42
-23	10
-35	22
-37	10
-75	62
-21	8
-21	8
-30	10
-14	8
-23	10
-14	8
-14	8
-14	8
-18	12
-16	10
-16	10
-14	8
-21	8
-14	8
-14	8
-18	12
-14	8
-14	8
-14	8
-14	8
-14	8
-14	8
-14	8
-16	10
-14	8
-14	8
-16	10
-14	8
-14	8
-16	10
-14	8
-14	8
-16	10
-14	8
-14	8
-14	8
-14	8
-14	8
-14	8
-14	8
-12	16
-14	8
-14	8
-14	8
-14	8
-30	10
-14	8
-30	10
-14	8
-14	8
-14	8
-14	8
-14	8
-14	8
-14	8
-14	8
-14	8
-14	8
-14	8
-16	10
-14	8
-14	8
-20	14
-14	8
-14	8
-14	8
-14	8
-32	25
-14	8
-14	8
-14	8
-14	8
-73	67
-14	8
-14	8
-14	8
-14	8
-14	8
-14	8
-14	8
-14	8
-14	8
-14	8
-14	8
-14	8
-14	8
-14	8
-57	75
-14	8
6	12
-14	8
-14	8
-14	8
-14	8
-30	24
-14	8
-14	8
-14	8
-14	8
-14	8
-14	8
-14	8
-14	8
-14	8
-14	8
-14	8
-14	8
-16	10
-14	8
-14	8
-14	8
-14	8
-14	8
-16	10
-14	8
-14	8
-23	10
-14	8
-14	8
-14	8
-14	8
-14	8
-14	8
-16	10
-14	8
-16	10
-50	68
-14	8
-14	8
-14	8
-15	15
-14	8
-14	8
-14	8
-14	8
-14	8
-16	10
-14	8
-14	8
-12	30
-14	8
-14	8
-14	8
-14	8
-70	64
-14	8
-14	8
-14	8
-14	8
1	10
-14	8
-14	8
-14	8
-14	8
-16	10
-14	8
-14	8
-14	8
-14	8
-14	8
-14	8
-14	8
-14	8
-16	10
-14	8
-14	8
-14	8
-172	166
-14	8
-14	8
-16	10
-14	8
-14	8
-14	8
-14	8
-14	8
-14	8
-14	8
-16	10
-14	8
-14	8
-14	8
-14	8
-14	8
-14	8
-14	8
-14	8
-14	8
-16	10
-14	8
-14	8
-14	8
-14	8
-14	8
-14	8
-14	8
-20	13
-14	8
-14	8
-14	8
-17	16
-20	13
-14	8
-14	8
-14	8
-16	10
-14	8
-14	8
-14	8
-14	8
-14	8
-19	37
-14	8
-14	8
-16	10
-14	8
-14	8
-14	8
-14	8
-14	8
-14	8
-14	8
-16	10
-14	8
-14	8
-14	8
-14	8
-14	8
-14	8
-14	8
-14	8
-14	8
-14	8
-14	8
-15	9
-14	8
-14	8
-14	8
-14	8
-14	8
-14	8
-16	10
-14	8
-14	8
-16	10
-14	8
-14	8
-14	8
-14	8
-14	8
-14	8
-16	10
-20	14
-26	20
-40	34
8	10
-14	8
-14	8
-14	8
-14	8
-14	8
-14	8
-16	10
-14	8
-14	8
-14	8
-14	8
-14	8
-14	8
-14	8
-14	8
-14	8
-14	8
-16	10
-14	8
-16	10
-14	8
-14	8
-14	8
-14	8
-14	8
-14	8
-14	8
-14	8
-14	8
-14	8
-20	13
-14	8
-14	8
-14	8
-14	8
-14	8
-16	10
-14	8
-14	8
-14	8
-14	8
-14	8
-14	8
-14	8
-14	8
-18	12
-14	8
-14	8
-14	8
-14	8
-14	8
-14	8
-14	8
-14	8
-14	8
-14	8
-14	8
-14	8
-16	10
-14	8
-14	8
-14	8
-14	8
-14	8
-14	8
-14	8
-16	10
6	12
-14	8
-11	11
-14	8
-16	10
-14	8
-14	8
-14	8
-14	8
-14	8
-16	10
-14	8
-16	10
-23	10
-14	8
-16	10
-14	8
-14	8
-14	8
-14	8
-14	8
-16	10
-24	17
-14	8
-14	8
-14	8
-14	8
-14	8
-14	8
-14	8
-14	8
-14	8
-14	8
-14	8
-14	8
-14	8
-14	8
-14	8
-14	8
-14	8
-14	8
-16	10
-14	8
-14	8
-14	8
-14	8
-14	8
-14	8
-14	8
-14	8
-14	8
-14	8
-14	8
-14	8
-14	8
-16	10
-14	8
-14	8
-32	12
-16	10
-14	8
-16	10
-14	8
-14	8
-14	8
-14	8
-14	8
-14	8
-14	8
-14	8
-14	8
-14	8
-14	8
-14	8
-14	8
-14	8
-14	8
-14	8
-16	10
-14	8
-14	8
-14	8
-14	8
-14	8
-14	8
-23	10
-14	8
-14	8
-14	8
-14	8
-11	11
-14	8
-14	8
-14	8
-14	8
-14	8
6	12
-11	11
-14	8
-14	8
-14	8
-16	10
-16	10
-18	12
-16	10
-14	8
-18	12
-61	48
-21	8
-21	8
-21	8
1	10
-21	8
-21	8
-21	8
1	10
-33	13
-21	8
-16	10
-16	10
-14	8
-61	55
-30	24
-51	38
-21	8
-21	8
-14	8
-16	10
-14	8
-14	8
-14	8
-14	8
-14	8
-14	8
-14	8
-7	25
-14	8
-14	8
-14	8
-14	8
-14	8
-14	8
-14	8
-14	8
-14	8
-14	8
-14	8
-14	8
-15	15
-14	8
-16	16
-14	8
-16	10
-14	8
-14	8
-14	8
-14	8
-16	10
-20	20
-14	8
-14	8
-14	8
-14	8
-14	8
-14	8
-14	8
-14	8
-14	8
-14	8
-14	8
-14	8
-14	8
-14	8
-14	8
-14	8
-14	8
-14	8
-14	8
-14	8
-14	8
-14	8
-14	8
-16	10
-14	8
-14	8
-14	8
-14	8
-14	8
-14	8
-14	8
-14	8
-14	8
-14	8
-14	8
-14	8
-14	8
-14	8
-18	12
-14	8
-14	8
-14	8
8	10
-11	11
-14	8
-14	8
-14	8
-14	8
-12	30
-14	8
-16	10
-14	8
-16	10
-14	8
-14	8
-4	22
-14	8
-14	8
-14	8
-25	12
-30	10
-14	8
-16	10
-115	115
-55	66
-31	18
-16	10
-23	10
-21	8
-43	30
-14	8
-43	30
-23	10
-59	46
-45	32
-68	86
-30	24
-14	8
-14	8
-53	40
-91	102
-21	8
-14	8
-21	8
-21	8
-21	8
-21	8
-21	8
-21	8
-21	8
-58	44
-14	8
-16	10
-14	8
-33	20
-118	136
-16	10
-16	10
-14	8
-14	8
-21	8
-21	8
-21	8
-16	10
-16	10
-14	8
-16	10
-14	8
-36	29
-14	8
-14	8
-14	8
-16	10
-14	8
-15	9
-16	10
-14	8
-14	8
-14	8
-14	8
-14	8
-14	8
-48	42
-14	8
-23	10
-14	8
-14	8
-14	8
-14	8
-14	8
-15	15
-14	8
-14	8
-14	8
-14	8
-14	8
-14	8
-16	10
-14	8
-16	10
-14	8
-34	52
-21	21
-14	8
-23	10
-14	8
-17	11
-14	8
-77	76
-68	55
-37	24
-21	8
-21	8
-14	8
-21	8
-21	8
-14	8
-18	12
-18	12
-14	8
-14	8
-14	8
-16	10
-18	12
-37	24
-20	38
-16	10
-27	14
-14	8
-21	8
-21	8
-21	8
-14	8
-21	8
-21	8
-14	8
-14	8
-16	10
-52	46
-48	42
-10	28
-16	10
-14	8
-56	74
-21	8
-21	8
-16	10
-21	8
-21	8
-16	10
-14	8
-21	8
-23	10
-36	30
-51	38
-28	22
-21	8
-21	8
-1	19
-14	8
-21	8
-21	8
-21	8
-14	8
-21	8
-14	8
-16	10
-14	8
-45	32
-52	46
-140	127
-14	8
-14	8
-8	19
-14	8
-22	16
-30	24
-14	8
-14	8
-14	8
-14	8
-14	8
-175	175
-21	8
-21	8
-29	16
-21	8
-21	8
-14	8
-21	8
-21	8
-21	8
-21	8
-21	8
-21	8
-21	8
-21	8
-21	8
-21	8
-16	10
-23	10
-21	8
-14	8
-21	8
-14	8
-31	18
-22	16
-62	56
-16	10
-28	22
-34	28
-14	8
-14	8
-16	10
-18	12
-14	8
-14	8
-14	8
-14	8
-14	8
-14	8
-14	8
-14	8
-14	8
-14	8
-14	8
-14	8
-14	8
-14	8
-14	8
-14	8
-14	8
-14	8
-14	8
-45	45
-14	8
-14	8
-14	8
-14	8
-14	8
-14	8
-16	10
-14	8
-23	10
-16	10
-14	8
-20	13
-14	8
-14	8
-14	8
-14	8
-14	8
8	10
-14	8
-14	8
-14	8
-14	8
-14	8
-5	23
-25	12
-16	10
-14	8
-14	8
-14	8
-14	8
-18	12
-14	8
-16	10
-14	8
6	12
-14	8
-14	8
-14	8
-14	8
-16	10
-14	8
-14	8
-16	10
-16	10
-14	8
-14	8
-14	8
-14	8
-14	8
-14	8
-14	8
-14	8
-14	8
-14	8
-23	10
-14	8
-14	8
-14	8
-14	8
-14	8
-14	8
-14	8
-15	9
-14	8
-14	8
-1	12
-14	8
-14	8
-14	8
-14	8
-14	8
-14	8
-16	10
8	10
-14	8
-14	8
-16	10
-11	11
-16	10
-14	8
-14	8
-271	269
-21	8
-21	8
-23	10
-9	27
-16	10
-48	21
-21	8
-21	8
-21	8
-23	10
-14	8
-14	8
-14	8
-14	8
-80	91
-14	8
-16	10
-14	8
-14	8
-14	8
-14	8
-30	10
-18	12
-14	8
-14	8
-14	8
-14	8
-14	8
-14	8
-14	8
-14	8
-14	8
-14	8
-14	8
-14	8
-14	8
-16	10
-14	8
-14	8
-14	8
-16	10
-14	8
-14	8
-14	8
-14	8
-14	8
-14	8
-19	13
-14	8
-14	8
-14	8
-14	8
-14	8
-14	8
-14	8
-14	8
-14	8
8	10
-14	8
-14	8
-14	8
-14	8
-14	8
-14	32
-16	10
-14	8
-16	10
-14	8
-24	42
-14	8
-20	19
-14	8
-14	8
-18	12
-20	14
-14	8
-16	10
-16	10
-60	54
-75	86
-25	12
-24	18
-14	8
-14	8
-14	8
-14	8
-14	8
-14	8
-21	8
-88	82
-35	22
-23	10
-20	14
-27	21
-32	43
-40	27
-21	8
-21	8
-16	10
-14	8
-41	28
-14	8
-14	8
-31	24
-16	10
-14	8
-14	8
-14	8
-14	8
-14	8
-14	8
-14	8
-14	8
-14	8
-14	8
-14	8
-14	8
-14	8
-14	8
-14	8
-14	8
-14	8
-14	8
-14	8
-14	8
-14	8
-14	8
-14	8
-10	14
-14	8
-14	8
-14	8
-29	29
-14	8
-16	10
-14	8
-14	8
-16	10
-14	8
-14	8
-14	8
-14	8
-14	8
-16	10
-14	8
-14	8
-14	8
-16	10
-14	8
-14	8
-14	8
-14	8
-14	8
-25	12
-14	8
-14	8
-14	8
-14	8
-14	8
-14	8
-14	8
-18	12
-14	8
-14	8
-14	8
-14	8
-14	8
-14	8
-47	41
-14	8
-14	8
-14	8
-14	8
-14	8
-14	8
-14	8
-14	8
-14	8
-14	8
-14	8
8	10
-14	8
-14	8
-16	10
-14	8
-14	14
-14	8
-14	8
-14	8
-14	8
-14	8
-14	8
-14	8
-14	8
-14	8
-14	8
-14	8
-14	8
-16	10
-14	8
-14	8
-16	10
-14	8
-9	27
-31	24
-14	8
-14	8
-16	10
-14	8
-16	10
-16	10
-14	8
-59	46
-57	30
-69	55
-16	10
-21	8
-21	8
-21	8
-21	8
-21	8
-21	8
-21	8
-21	8
-21	8
-14	8
-18	12
-16	10
-32	26
-48	66
-14	8
-14	8
-14	8
-14	8
-14	8
-14	8
-16	10
-14	8
-14	8
-16	10
-14	8
-70	70
-40	34
-16	10
-18	12
-29	16
-29	16
-33	51
-21	8
-21	8
-21	8
-21	8
-21	8
-25	12
-21	8
-21	8
-21	8
-14	8
-44	38
-14	8
-14	8
-96	114
-45	32
-14	8
-21	8
-14	8
-23	10
-14	8
-32	12
-21	8
-34	28
-14	8
-18	12
-23	10
-21	8
-14	8
-21	8
-14	8
-35	15
-14	8
8	10
-21	8
-21	8
-21	8
-16	10
-44	38
-43	30
-14	8
-18	12
-14	8
-14	8
-14	8
-30	17
-14	8
-14	8
-14	8
-30	10
-14	8
-14	8
-14	8
-14	8
-14	8
-14	8
-14	8
-14	8
-14	8
-14	8
-14	8
-23	10
-14	8
-14	8
-14	8
-14	8
-14	8
-12	12
-16	10
-14	8
-14	8
-14	8
-14	8
-14	8
-14	8
-14	8
-14	8
-14	8
-14	8
-14	8
-14	8
-14	8
-23	16
-14	8
-29	22
-14	8
-14	8
-23	10
-14	8
-26	13
-14	8
-14	14
-30	10
-14	8
-8	12
-20	13
-14	8
-14	8
-14	8
-14	8
-14	8
-14	8
-16	10
-14	8
-14	8
-14	8
-14	8
-14	8
-8	8
-12	12
-14	8
-16	10
-14	8
-14	8
-14	8
-14	8
-14	8
-16	10
-14	8
-31	11
-16	10
-14	8
-28	21
-14	8
-14	8
-14	8
-16	10
-14	8
-14	8
-16	10
-14	8
-23	10
-14	8
-14	8
-14	8
-14	8
-14	8
-14	8
-14	8
-14	8
-23	10
-14	8
-14	8
-14	8
-14	8
-16	10
-14	8
-14	8
-22	15
-14	8
-14	8
-23	10
-14	8
8	10
-15	9
-14	8
-14	8
-14	8
-14	8
-14	8
-14	8
-14	8
-93	91
-29	16
-21	8
-21	8
-34	28
-25	12
-14	8
-21	8
-165	151
-67	71
-14	8
-29	16
-42	36
-30	24
-109	127
-84	102
-14	8
-14	8
-14	8
-14	8
-73	73
-77	64
-14	8
-14	8
-31	18
-86	38
-14	8
-33	20
-21	8
-21	8
-21	8
-21	8
-21	8
-21	8
-14	8
-21	8
-14	8
-14	8
-14	8
-14	8
-14	8
-14	8
-58	52
-72	90
-115	126
-21	8
-21	8
-14	8
-21	8
-21	8
-21	8
-35	22
-21	8
-23	10
-24	35
-27	14
-21	8
-14	8
-21	8
-23	10
-23	10
-21	8
-14	8
-21	8
-21	8
-21	8
-21	8
-14	8
-14	8
-67	85
-21	8
-14	8
-21	8
-89	107
-34	14
-14	8
-14	8
-14	8
-16	10
-14	8
-14	8
-14	8
-14	8
-66	84
-14	8
-14	8
-14	8
-14	8
-16	10
-14	8
-14	8
-14	8
-14	8
-73	72
-53	40
-64	37
-21	8
-30	16
-37	10
-16	10
-14	8
-20	14
-60	54
-21	8
-21	8
-21	8
-14	8
-21	8
-14	8
-23	10
-16	10
-16	10
-14	8
-14	8
8	10
-14	8
-14	8
-23	10
6	12
-25	12
-14	8
-16	10
-14	8
-23	10
-39	39
-36	16
-21	8
-33	20
-21	8
-16	10
-30	10
-21	8
-21	8
-21	8
1	10
-14	8
-21	8
-21	8
-14	8
-14	8
-33	13
-14	8
-14	8
-14	8
-14	8
-14	8
-16	10
-38	32
-14	8
-99	86
-58	76
-21	8
-23	10
-14	8
-21	8
-23	10
-48	42
-21	8
-34	28
-22	16
-31	18
-14	8
-14	8
-14	8
-14	8
-14	8
-14	8
-14	8
8	10
-43	54
-21	8
-14	8
-14	8
-124	118
-14	8
-14	8
-14	8
-14	8
-14	8
-14	8
-14	8
-14	8
-14	8
-15	15
-14	8
-14	8
-14	8
-14	8
-23	10
-14	8
-14	8
-14	8
-32	12
-14	8
-14	8
-14	8
-14	8
-14	8
-14	8
-16	10
-14	8
-14	8
-14	8
-14	8
-14	8
-14	8
-14	8
-14	8
-16	10
-16	10
-16	10
-14	8
-14	8
-14	8
-14	8
-14	8
-14	8
-16	10
-16	10
-14	8
-14	8
-30	10
-14	8
-14	8
-14	8
-14	8
8	10
-14	8
-14	8
-23	10
-14	8
-14	8
-14	8
-14	8
-16	10
-14	8
-16	10
-14	8
-14	8
-14	8
-18	12
-14	8
-14	8
-14	8
-14	8
-14	8
-32	12
-14	8
-14	8
-14	8
-23	16
-14	8
-14	8
-14	8
8	10
-14	8
-14	8
-14	8
-14	8
-14	8
-14	8
-14	8
-14	8
-14	8
-14	8
-14	8
-14	8
-14	8
-14	8
-16	10
-16	10
-14	8
-14	8
-14	8
-14	8
-14	8
-14	8
-14	8
-14	8
-14	8
-14	8
-14	8
-14	8
-16	10
-15	9
-16	10
-14	8
-14	8
-14	8
-14	8
-14	8
-16	10
-14	8
-32	26
-15	9
-14	8
-14	8
-15	9
6	12
-13	13
-14	8
-14	8
-14	8
-12	12
-14	8
-14	8
-14	8
-50	50
-28	22
-18	12
-21	8
-21	8
-23	10
-23	10
-47	33
-21	8
-20	14
-16	10
-21	8
-21	8
-21	8
-23	10
-21	8
-21	8
-21	8
-14	8
-25	12
-77	71
-14	8
-14	8
-14	8
-14	8
-23	10
-14	8
-12	12
-14	8
-14	8
-11	29
-14	8
-23	10
-14	8
-14	8
6	12
-14	8
-23	10
-14	8
-14	8
-14	8
-14	8
-23	10
-14	8
-14	8
-14	8
-14	8
-14	8
-14	8
-14	8
-14	8
-23	10
-14	8
-34	14
-14	8
-14	8
-14	8
-14	8
-14	8
-14	8
-14	8
-14	8
-14	8
-16	10
-14	8
-14	8
-14	8
-14	8
-14	8
-14	8
-14	8
-14	8
8	10
-14	8
-14	8
-14	8
-30	10
-16	10
-14	8
-14	8
-14	8
-14	8
-14	8
-20	20
-14	8
-14	8
-15	9
-14	8
-23	10
-14	8
-14	8
-14	8
-16	10
-14	8
-14	8
-14	8
-14	8
-14	8
-14	8
-15	9
-14	8
-23	10
-14	8
-14	8
-14	8
-14	8
-14	8
-14	8
-16	10
-14	8
-14	8
-14	14
-14	8
-14	8
-30	10
-14	8
-14	8
-14	8
-14	8
-23	10
-16	10
-14	8
-14	8
-14	8
-14	8
-14	8
-14	8
-14	8
-14	8
-14	8
-16	10
-16	10
-14	8
-14	8
-14	8
-14	8
-16	10
-14	8
-14	8
-14	8
-14	8
-14	8
-14	8
-14	8
-14	8
-14	8
-14	8
-14	8
-16	10
-14	8
-14	8
-14	8
-14	8
-14	8
-14	8
-14	8
-14	8
-14	8
-14	8
-14	8
-23	10
-7	25
-14	8
-14	8
-14	8
-15	9
-12	12
-30	16
-14	8
-14	8
-14	8
-47	41
-7	18
-20	14
-21	8
-14	8
-14	8
-22	16
-21	8
-21	8
-35	15
-14	8
-14	8
-92	86
-35	22
-14	8
-39	57
-14	8
-14	8
-14	8
-14	8
-14	8
-18	18
-14	8
-14	8
-14	8
-14	8
-14	8
-14	8
-14	8
-14	8
-14	8
-14	8
-14	8
-14	8
-14	8
0	18
-14	8
-13	13
-14	8
-14	8
-23	16
-30	10
-14	8
-14	8
-59	59
-5	16
-7	18
-23	10
-33	20
-52	18
-49	22
-14	8
-14	8
-14	8
-14	8
-14	8
-64	68
-14	8
-14	8
-14	8
-14	8
-145	132
-21	8
-17	35
-14	8
-17	11
-14	8
-14	8
-30	10
-14	8
-14	8
-14	8
-14	8
-14	8
-14	8
-16	10
-14	8
-14	8
-14	8
-14	8
-14	8
-14	8
-14	8
-14	8
-14	8
-14	8
-14	8
-14	8
-14	8
-14	8
-14	8
-16	10
-14	8
-14	8
-14	8
-14	8
-14	8
-14	8
-14	8
-16	10
-14	8
-14	8
-14	8
-16	10
-14	8
-14	8
8	10
-16	16
8	10
-16	10
-14	8
-14	8
-14	8
-14	8
-14	8
-54	54
-25	12
-23	10
-21	8
-21	8
-21	8
-21	8
-21	8
-21	8
-30	16
-177	188
-16	10
-18	11
-14	8
-14	8
-16	10
-16	10
-63	36
-57	44
-20	14
-20	14
-50	44
-89	107
-14	8
-14	8
-14	8
-16	10
-14	8
-16	10
-14	8
-14	8
-16	10
-14	8
-16	10
-14	8
-14	8
-14	8
-25	12
-14	8
-14	8
-30	10
-16	10
-14	8
-14	8
-14	8
-14	8
-14	8
-14	8
-14	8
-16	10
-12	12
-14	8
-14	8
-16	10
-14	8
-14	8
-14	8
-14	8
-14	8
-14	8
-14	8
-14	8
-14	8
-14	8
-14	8
-14	8
-14	8
-14	8
-14	8
-49	67
-14	8
-14	8
-14	8
-16	10
-14	8
-14	8
-14	8
-14	8
-14	8
-18	12
-16	10
-14	8
-14	8
-14	8
-16	10
-14	8
-14	8
-14	8
-14	8
-14	8
8	10
-14	8
-14	8
-14	8
-14	8
-14	8
-14	8
-14	8
-14	8
-14	8
-14	8
-14	8
-14	8
-14	8
-18	12
-14	8
-16	10
-14	8
-14	8
-14	8
-20	13
-14	8
-14	8
-14	8
-14	8
-14	8
-14	8
-18	36
-14	8
-14	8
-14	8
-14	8
-94	111
-57	51
-33	20
-203	190
-99	86
-51	38
